date,serial_number,smart_1_raw,smart_3_raw,smart_4_raw,smart_5_raw,smart_7_raw,smart_9_raw,smart_10_raw,smart_12_raw,smart_192_raw,smart_193_raw,smart_194_raw,smart_197_raw,smart_198_raw,smart_199_raw,smart_240_raw
2025-08-15,44F0B01NV4MJ,0.0,9375.0,16.0,0.0,0.0,9504.0,0.0,16.0,15.0,28.0,41.0,0.0,0.0,0.0,0.0
2025-08-16,44F0B01NV4MJ,0.0,9375.0,16.0,0.0,0.0,9535.0,0.0,16.0,15.0,28.0,40.0,0.0,0.0,0.0,0.0
2025-08-17,44F0B01NV4MJ,0.0,9375.0,16.0,0.0,0.0,9550.0,0.0,16.0,15.0,28.0,40.0,0.0,0.0,0.0,0.0
2025-08-18,44F0B01NV4MJ,0.0,9375.0,16.0,0.0,0.0,9581.0,0.0,16.0,15.0,28.0,41.0,0.0,0.0,0.0,0.0
2025-08-19,44F0B01NV4MJ,0.0,9375.0,16.0,0.0,0.0,9597.0,0.0,16.0,15.0,28.0,41.0,0.0,0.0,0.0,0.0
2025-08-20,44F0B01NV4MJ,0.0,9367.0,17.0,0.0,0.0,9628.0,0.0,17.0,16.0,29.0,42.0,0.0,0.0,0.0,0.0
2025-08-21,44F0B01NV4MJ,0.0,9367.0,17.0,0.0,0.0,9658.0,0.0,17.0,16.0,29.0,41.0,0.0,0.0,0.0,0.0
2025-08-22,44F0B01NV4MJ,0.0,9367.0,17.0,0.0,0.0,9674.0,0.0,17.0,16.0,29.0,41.0,0.0,0.0,0.0,0.0
2025-08-23,44F0B01NV4MJ,0.0,9367.0,17.0,0.0,0.0,9704.0,0.0,17.0,16.0,29.0,41.0,0.0,0.0,0.0,0.0
2025-08-24,44F0B01NV4MJ,0.0,9367.0,17.0,0.0,0.0,9720.0,0.0,17.0,16.0,29.0,40.0,0.0,0.0,0.0,0.0
2025-08-25,44F0B01NV4MJ,0.0,9367.0,17.0,0.0,0.0,9751.0,0.0,17.0,16.0,29.0,41.0,0.0,0.0,0.0,0.0
2025-08-26,44F0B01NV4MJ,0.0,9367.0,17.0,0.0,0.0,9766.0,0.0,17.0,16.0,29.0,40.0,0.0,0.0,0.0,0.0
2025-08-27,44F0B01NV4MJ,0.0,9367.0,17.0,0.0,0.0,9797.0,0.0,17.0,16.0,29.0,41.0,0.0,0.0,0.0,0.0
2025-08-28,44F0B01NV4MJ,0.0,9367.0,17.0,0.0,0.0,9812.0,0.0,17.0,16.0,29.0,40.0,0.0,0.0,0.0,0.0
2025-08-29,44F0B01NV4MJ,0.0,9367.0,17.0,0.0,0.0,9843.0,0.0,17.0,16.0,29.0,40.0,0.0,0.0,0.0,0.0
2025-08-30,44F0B01NV4MJ,0.0,9367.0,17.0,0.0,0.0,9858.0,0.0,17.0,16.0,29.0,40.0,0.0,0.0,0.0,0.0
2025-08-31,44F0B01NV4MJ,0.0,9367.0,17.0,0.0,0.0,9889.0,0.0,17.0,16.0,29.0,40.0,0.0,0.0,0.0,0.0
2025-09-01,44F0B01NV4MJ,0.0,9367.0,17.0,0.0,0.0,9904.0,0.0,17.0,16.0,29.0,41.0,0.0,0.0,0.0,0.0
2025-09-02,44F0B01NV4MJ,0.0,9367.0,17.0,0.0,0.0,9935.0,0.0,17.0,16.0,29.0,41.0,0.0,0.0,0.0,0.0
2025-09-03,44F0B01NV4MJ,0.0,9367.0,17.0,0.0,0.0,9966.0,0.0,17.0,16.0,29.0,41.0,0.0,0.0,0.0,0.0
2025-09-04,44F0B01NV4MJ,0.0,9367.0,17.0,0.0,0.0,9981.0,0.0,17.0,16.0,29.0,40.0,0.0,0.0,0.0,0.0
2025-09-05,44F0B01NV4MJ,0.0,9367.0,17.0,0.0,0.0,10012.0,0.0,17.0,16.0,29.0,40.0,0.0,0.0,0.0,0.0
2025-09-06,44F0B01NV4MJ,0.0,9367.0,17.0,27.0,0.0,10027.0,0.0,17.0,16.0,29.0,40.0,0.0,0.0,0.0,0.0
2025-09-07,44F0B01NV4MJ,0.0,9367.0,17.0,34.0,0.0,10058.0,0.0,17.0,16.0,29.0,40.0,0.0,0.0,0.0,0.0
2025-09-08,44F0B01NV4MJ,0.0,9367.0,17.0,71.0,0.0,10073.0,0.0,17.0,16.0,29.0,40.0,0.0,0.0,0.0,0.0
2025-09-09,44F0B01NV4MJ,0.0,9367.0,17.0,496.0,0.0,10104.0,0.0,17.0,16.0,29.0,41.0,0.0,0.0,0.0,0.0
2025-09-10,44F0B01NV4MJ,0.0,9367.0,17.0,537.0,0.0,10120.0,0.0,17.0,16.0,29.0,42.0,0.0,0.0,0.0,0.0
2025-09-11,44F0B01NV4MJ,0.0,9367.0,17.0,570.0,0.0,10150.0,0.0,17.0,16.0,29.0,41.0,0.0,0.0,0.0,0.0
2025-09-12,44F0B01NV4MJ,0.0,9367.0,17.0,631.0,0.0,10181.0,0.0,17.0,16.0,29.0,40.0,0.0,0.0,0.0,0.0
2025-09-13,44F0B01NV4MJ,0.0,9367.0,17.0,769.0,0.0,10196.0,0.0,17.0,16.0,29.0,40.0,0.0,0.0,0.0,0.0
2025-09-14,44F0B01NV4MJ,0.0,9367.0,17.0,10000.0,0.0,10227.0,0.0,17.0,16.0,29.0,40.0,0.0,0.0,0.0,0.0
2025-09-15,44F0B01NV4MJ,0.0,9367.0,17.0,10000.0,0.0,10242.0,0.0,17.0,16.0,29.0,40.0,0.0,0.0,0.0,0.0
2025-09-16,44F0B01NV4MJ,0.0,9367.0,17.0,10000.0,0.0,10273.0,0.0,17.0,16.0,29.0,40.0,0.0,0.0,0.0,0.0
2025-09-17,44F0B01NV4MJ,0.0,9367.0,17.0,10000.0,0.0,10289.0,0.0,17.0,16.0,29.0,40.0,0.0,0.0,0.0,0.0
2025-09-18,44F0B01NV4MJ,0.0,9367.0,17.0,10000.0,0.0,10304.0,0.0,17.0,16.0,29.0,41.0,0.0,0.0,0.0,0.0
2024-02-22,8180A06LFVKG,0.0,7961.0,3.0,0.0,0.0,0.0,0.0,3.0,2.0,3.0,25.0,0.0,0.0,0.0,0.0
2024-02-23,8180A06LFVKG,0.0,7961.0,3.0,0.0,0.0,16.0,0.0,3.0,2.0,3.0,25.0,0.0,0.0,0.0,0.0
2024-02-24,8180A06LFVKG,0.0,7961.0,3.0,0.0,0.0,48.0,0.0,3.0,2.0,3.0,26.0,0.0,0.0,0.0,0.0
2024-02-25,8180A06LFVKG,0.0,7961.0,3.0,0.0,0.0,64.0,0.0,3.0,2.0,3.0,25.0,0.0,0.0,0.0,0.0
2024-02-26,8180A06LFVKG,0.0,7961.0,3.0,0.0,0.0,96.0,0.0,3.0,2.0,3.0,25.0,0.0,0.0,0.0,0.0
2024-02-27,8180A06LFVKG,0.0,7961.0,3.0,0.0,0.0,112.0,0.0,3.0,2.0,3.0,25.0,0.0,0.0,0.0,0.0
2024-02-28,8180A06LFVKG,0.0,7961.0,3.0,0.0,0.0,144.0,0.0,3.0,2.0,3.0,25.0,0.0,0.0,0.0,0.0
2024-02-29,8180A06LFVKG,0.0,7961.0,3.0,0.0,0.0,160.0,0.0,3.0,2.0,3.0,25.0,0.0,0.0,0.0,0.0
2024-03-01,8180A06LFVKG,0.0,7961.0,3.0,0.0,0.0,192.0,0.0,3.0,2.0,3.0,26.0,0.0,0.0,0.0,0.0
2024-03-02,8180A06LFVKG,0.0,7961.0,3.0,0.0,0.0,208.0,0.0,3.0,2.0,3.0,25.0,0.0,0.0,0.0,0.0
2024-03-03,8180A06LFVKG,0.0,7961.0,3.0,0.0,0.0,240.0,0.0,3.0,2.0,3.0,26.0,0.0,0.0,0.0,0.0
2024-03-04,8180A06LFVKG,0.0,7961.0,3.0,0.0,0.0,256.0,0.0,3.0,2.0,3.0,26.0,0.0,0.0,0.0,0.0
2024-03-05,8180A06LFVKG,0.0,7961.0,3.0,0.0,0.0,288.0,0.0,3.0,2.0,3.0,26.0,0.0,0.0,0.0,0.0
2024-03-06,8180A06LFVKG,0.0,7961.0,3.0,0.0,0.0,304.0,0.0,3.0,2.0,3.0,26.0,0.0,0.0,0.0,0.0
2024-03-07,8180A06LFVKG,0.0,7961.0,3.0,0.0,0.0,320.0,0.0,3.0,2.0,3.0,26.0,0.0,0.0,0.0,0.0
2024-03-08,8180A06LFVKG,0.0,7961.0,3.0,0.0,0.0,352.0,0.0,3.0,2.0,3.0,26.0,0.0,0.0,0.0,0.0
2024-03-09,8180A06LFVKG,0.0,7961.0,3.0,0.0,0.0,368.0,0.0,3.0,2.0,3.0,26.0,0.0,0.0,0.0,0.0
2024-03-10,8180A06LFVKG,0.0,7961.0,3.0,0.0,0.0,400.0,0.0,3.0,2.0,3.0,26.0,0.0,0.0,0.0,0.0
2024-03-11,8180A06LFVKG,0.0,7961.0,3.0,0.0,0.0,416.0,0.0,3.0,2.0,3.0,26.0,0.0,0.0,0.0,0.0
2024-03-12,8180A06LFVKG,0.0,7961.0,3.0,0.0,0.0,447.0,0.0,3.0,2.0,3.0,26.0,0.0,0.0,0.0,0.0
2024-03-13,8180A06LFVKG,0.0,7961.0,3.0,0.0,0.0,463.0,0.0,3.0,2.0,3.0,26.0,0.0,0.0,0.0,0.0
2024-03-14,8180A06LFVKG,0.0,7961.0,3.0,0.0,0.0,495.0,0.0,3.0,2.0,3.0,27.0,0.0,0.0,0.0,0.0
2024-03-15,8180A06LFVKG,0.0,8059.0,4.0,0.0,0.0,527.0,0.0,3.0,2.0,4.0,26.0,1.0,0.0,0.0,0.0
2024-03-16,8180A06LFVKG,0.0,8059.0,4.0,0.0,0.0,543.0,0.0,3.0,2.0,4.0,26.0,1.0,0.0,0.0,0.0
2024-03-17,8180A06LFVKG,0.0,8059.0,4.0,0.0,0.0,575.0,0.0,3.0,2.0,4.0,26.0,1.0,0.0,0.0,0.0
2024-03-18,8180A06LFVKG,0.0,8059.0,4.0,0.0,0.0,591.0,0.0,3.0,2.0,4.0,26.0,1.0,0.0,0.0,0.0
2024-03-19,8180A06LFVKG,0.0,8059.0,4.0,0.0,0.0,623.0,0.0,3.0,2.0,4.0,26.0,1.0,0.0,0.0,0.0
2024-03-20,8180A06LFVKG,0.0,8059.0,4.0,0.0,0.0,639.0,0.0,3.0,2.0,4.0,26.0,1.0,0.0,0.0,0.0
2024-03-24,8180A06LFVKG,0.0,8063.0,5.0,0.0,0.0,740.0,0.0,3.0,2.0,5.0,25.0,1.0,0.0,0.0,0.0
2024-03-25,8180A06LFVKG,0.0,8063.0,5.0,0.0,0.0,771.0,0.0,3.0,2.0,5.0,27.0,35.0,0.0,0.0,0.0
2024-03-26,8180A06LFVKG,0.0,8063.0,5.0,0.0,0.0,787.0,0.0,3.0,2.0,5.0,26.0,38.0,38.0,0.0,0.0
2025-04-14,88X0A077F97G,0.0,7692.0,26.0,1.0,0.0,57236.0,0.0,25.0,6.0,121.0,36.0,1.0,0.0,0.0,0.0
2025-04-15,88X0A077F97G,0.0,7692.0,26.0,1.0,0.0,57267.0,0.0,25.0,6.0,121.0,37.0,1.0,0.0,0.0,0.0
2025-04-16,88X0A077F97G,0.0,7692.0,26.0,1.0,0.0,57283.0,0.0,25.0,6.0,121.0,37.0,1.0,0.0,0.0,0.0
2025-04-17,88X0A077F97G,0.0,7692.0,26.0,2.0,0.0,57315.0,0.0,25.0,6.0,121.0,36.0,1.0,0.0,0.0,0.0
2025-04-18,88X0A077F97G,0.0,7692.0,26.0,2.0,0.0,57330.0,0.0,25.0,6.0,121.0,36.0,1.0,0.0,0.0,0.0
2025-04-19,88X0A077F97G,0.0,7692.0,26.0,3.0,0.0,57361.0,0.0,25.0,6.0,121.0,35.0,1.0,0.0,0.0,0.0
2025-04-20,88X0A077F97G,0.0,7692.0,26.0,3.0,0.0,57377.0,0.0,25.0,6.0,123.0,35.0,1.0,0.0,0.0,0.0
2025-04-21,88X0A077F97G,0.0,7692.0,26.0,3.0,0.0,57409.0,0.0,25.0,6.0,123.0,37.0,1.0,0.0,0.0,0.0
2025-04-22,88X0A077F97G,0.0,7692.0,26.0,3.0,0.0,57425.0,0.0,25.0,6.0,123.0,36.0,1.0,0.0,0.0,0.0
2025-04-23,88X0A077F97G,0.0,7692.0,26.0,4.0,0.0,57441.0,0.0,25.0,6.0,123.0,37.0,1.0,0.0,0.0,0.0
2025-04-25,88X0A077F97G,0.0,7868.0,27.0,6.0,0.0,57480.0,0.0,25.0,6.0,124.0,36.0,0.0,0.0,0.0,0.0
2025-04-28,88X0A077F97G,0.0,7848.0,28.0,8.0,0.0,57575.0,0.0,25.0,6.0,125.0,34.0,1.0,0.0,0.0,0.0
2025-04-29,88X0A077F97G,0.0,7848.0,28.0,8.0,0.0,57607.0,0.0,25.0,6.0,125.0,34.0,1.0,0.0,0.0,0.0
2025-04-30,88X0A077F97G,0.0,7848.0,28.0,8.0,0.0,57623.0,0.0,25.0,6.0,125.0,35.0,1.0,0.0,0.0,0.0
2025-05-01,88X0A077F97G,0.0,7848.0,28.0,8.0,0.0,57638.0,0.0,25.0,6.0,125.0,35.0,1.0,0.0,0.0,0.0
2025-05-02,88X0A077F97G,0.0,7848.0,28.0,8.0,0.0,57670.0,0.0,25.0,6.0,125.0,35.0,1.0,0.0,0.0,0.0
2025-05-03,88X0A077F97G,0.0,7848.0,28.0,8.0,0.0,57685.0,0.0,25.0,6.0,125.0,35.0,1.0,0.0,0.0,0.0
2025-05-04,88X0A077F97G,0.0,7848.0,28.0,9.0,0.0,57717.0,0.0,25.0,6.0,125.0,35.0,1.0,0.0,0.0,0.0
2025-05-05,88X0A077F97G,0.0,7848.0,28.0,9.0,0.0,57733.0,0.0,25.0,6.0,125.0,36.0,1.0,0.0,0.0,0.0
2025-05-06,88X0A077F97G,0.0,7848.0,28.0,9.0,0.0,57764.0,0.0,25.0,6.0,125.0,37.0,1.0,0.0,0.0,0.0
2025-05-07,88X0A077F97G,0.0,7848.0,28.0,9.0,0.0,57796.0,0.0,25.0,6.0,125.0,37.0,1.0,0.0,0.0,0.0
2025-05-08,88X0A077F97G,0.0,7848.0,28.0,9.0,0.0,57811.0,0.0,25.0,6.0,125.0,37.0,1.0,0.0,0.0,0.0
2025-05-09,88X0A077F97G,0.0,7848.0,28.0,9.0,0.0,57843.0,0.0,25.0,6.0,125.0,37.0,1.0,0.0,0.0,0.0
2025-05-10,88X0A077F97G,0.0,7848.0,28.0,9.0,0.0,57859.0,0.0,25.0,6.0,125.0,36.0,1.0,0.0,0.0,0.0
2025-05-11,88X0A077F97G,0.0,7848.0,28.0,10.0,0.0,57890.0,0.0,25.0,6.0,138.0,38.0,1.0,0.0,0.0,0.0
2025-05-13,88X0A077F97G,0.0,7848.0,28.0,13.0,0.0,57938.0,0.0,25.0,6.0,138.0,38.0,0.0,0.0,0.0,0.0
2025-05-14,88X0A077F97G,0.0,7848.0,28.0,13.0,0.0,57954.0,0.0,25.0,6.0,138.0,37.0,0.0,0.0,0.0,0.0
2025-05-15,88X0A077F97G,0.0,7848.0,28.0,13.0,0.0,57985.0,0.0,25.0,6.0,138.0,38.0,0.0,0.0,0.0,0.0
2025-05-16,88X0A077F97G,0.0,7848.0,28.0,15.0,0.0,58001.0,0.0,25.0,6.0,138.0,37.0,0.0,0.0,0.0,0.0
2025-05-17,88X0A077F97G,0.0,7848.0,28.0,15.0,0.0,58032.0,0.0,25.0,6.0,138.0,36.0,0.0,0.0,0.0,0.0
2025-05-19,88X0A077F97G,0.0,7854.0,29.0,16.0,0.0,58076.0,0.0,25.0,6.0,139.0,33.0,2.0,0.0,0.0,0.0
2025-05-20,88X0A077F97G,0.0,7854.0,29.0,16.0,0.0,58108.0,0.0,25.0,6.0,146.0,34.0,2.0,0.0,0.0,0.0
2025-05-21,88X0A077F97G,0.0,7854.0,29.0,16.0,0.0,58123.0,0.0,25.0,6.0,149.0,33.0,2.0,0.0,0.0,0.0
2025-05-22,88X0A077F97G,0.0,7854.0,29.0,16.0,0.0,58155.0,0.0,25.0,6.0,155.0,34.0,2.0,0.0,0.0,0.0
2025-05-23,88X0A077F97G,0.0,7854.0,29.0,16.0,0.0,58171.0,0.0,25.0,6.0,157.0,34.0,2.0,0.0,0.0,0.0
2025-08-06,X450A113F4MJ,0.0,7094.0,17.0,18.0,0.0,4933.0,0.0,17.0,16.0,31.0,32.0,16.0,0.0,0.0,0.0
2025-08-07,X450A113F4MJ,0.0,7094.0,17.0,18.0,0.0,4964.0,0.0,17.0,16.0,31.0,32.0,16.0,0.0,0.0,0.0
2025-08-08,X450A113F4MJ,0.0,7094.0,17.0,18.0,0.0,4979.0,0.0,17.0,16.0,31.0,31.0,16.0,0.0,0.0,0.0
2025-08-09,X450A113F4MJ,0.0,7094.0,17.0,18.0,0.0,5010.0,0.0,17.0,16.0,31.0,33.0,16.0,0.0,0.0,0.0
2025-08-10,X450A113F4MJ,0.0,7094.0,17.0,18.0,0.0,5026.0,0.0,17.0,16.0,31.0,32.0,16.0,0.0,0.0,0.0
2025-08-11,X450A113F4MJ,0.0,7094.0,17.0,18.0,0.0,5057.0,0.0,17.0,16.0,31.0,32.0,16.0,0.0,0.0,0.0
2025-08-12,X450A113F4MJ,0.0,7094.0,17.0,18.0,0.0,5072.0,0.0,17.0,16.0,31.0,31.0,16.0,0.0,0.0,0.0
2025-08-13,X450A113F4MJ,0.0,7094.0,17.0,18.0,0.0,5104.0,0.0,17.0,16.0,31.0,32.0,16.0,0.0,0.0,0.0
2025-08-14,X450A113F4MJ,0.0,7094.0,17.0,18.0,0.0,5119.0,0.0,17.0,16.0,31.0,31.0,15.0,0.0,0.0,0.0
2025-08-15,X450A113F4MJ,0.0,7094.0,17.0,18.0,0.0,5150.0,0.0,17.0,16.0,31.0,31.0,15.0,0.0,0.0,0.0
2025-08-16,X450A113F4MJ,0.0,7094.0,17.0,18.0,0.0,5181.0,0.0,17.0,16.0,31.0,33.0,15.0,0.0,0.0,0.0
2025-08-17,X450A113F4MJ,0.0,7094.0,17.0,18.0,0.0,5197.0,0.0,17.0,16.0,31.0,31.0,15.0,0.0,0.0,0.0
2025-08-18,X450A113F4MJ,0.0,7094.0,17.0,18.0,0.0,5228.0,0.0,17.0,16.0,31.0,32.0,15.0,0.0,0.0,0.0
2025-08-19,X450A113F4MJ,0.0,7094.0,17.0,18.0,0.0,5243.0,0.0,17.0,16.0,31.0,31.0,15.0,0.0,0.0,0.0
2025-08-20,X450A113F4MJ,0.0,7094.0,17.0,18.0,0.0,5274.0,0.0,17.0,16.0,31.0,32.0,15.0,0.0,0.0,0.0
2025-08-21,X450A113F4MJ,0.0,7094.0,17.0,18.0,0.0,5290.0,0.0,17.0,16.0,31.0,32.0,15.0,0.0,0.0,0.0
2025-08-22,X450A113F4MJ,0.0,7094.0,17.0,18.0,0.0,5321.0,0.0,17.0,16.0,31.0,32.0,15.0,0.0,0.0,0.0
2025-08-23,X450A113F4MJ,0.0,7094.0,17.0,18.0,0.0,5352.0,0.0,17.0,16.0,31.0,32.0,15.0,0.0,0.0,0.0
2025-08-24,X450A113F4MJ,0.0,7094.0,17.0,18.0,0.0,5368.0,0.0,17.0,16.0,31.0,32.0,15.0,0.0,0.0,0.0
2025-08-25,X450A113F4MJ,0.0,7094.0,17.0,18.0,0.0,5399.0,0.0,17.0,16.0,31.0,32.0,2.0,0.0,0.0,0.0
2025-08-26,X450A113F4MJ,0.0,7094.0,17.0,19.0,0.0,5415.0,0.0,17.0,16.0,31.0,32.0,2.0,0.0,0.0,0.0
2025-08-27,X450A113F4MJ,0.0,7094.0,17.0,24.0,0.0,5446.0,0.0,17.0,16.0,31.0,32.0,13.0,0.0,0.0,0.0
2025-08-28,X450A113F4MJ,0.0,7094.0,17.0,28.0,0.0,5461.0,0.0,17.0,16.0,31.0,32.0,15.0,0.0,0.0,0.0
2025-08-29,X450A113F4MJ,0.0,7094.0,17.0,28.0,0.0,5477.0,0.0,17.0,16.0,31.0,31.0,15.0,0.0,0.0,0.0
2025-08-30,X450A113F4MJ,0.0,7094.0,17.0,28.0,0.0,5508.0,0.0,17.0,16.0,31.0,32.0,15.0,0.0,0.0,0.0
2025-08-31,X450A113F4MJ,0.0,7094.0,17.0,33.0,0.0,5539.0,0.0,17.0,16.0,31.0,32.0,22.0,0.0,0.0,0.0
2025-09-01,X450A113F4MJ,0.0,7094.0,17.0,36.0,0.0,5554.0,0.0,17.0,16.0,31.0,32.0,23.0,0.0,0.0,0.0
2025-09-02,X450A113F4MJ,0.0,7094.0,17.0,36.0,0.0,5585.0,0.0,17.0,16.0,31.0,32.0,24.0,0.0,0.0,0.0
2025-09-03,X450A113F4MJ,0.0,7094.0,17.0,43.0,0.0,5601.0,0.0,17.0,16.0,31.0,31.0,29.0,0.0,0.0,0.0
2025-09-04,X450A113F4MJ,0.0,7094.0,17.0,45.0,0.0,5632.0,0.0,17.0,16.0,31.0,31.0,28.0,0.0,0.0,0.0
2025-09-05,X450A113F4MJ,0.0,7094.0,17.0,45.0,0.0,5647.0,0.0,17.0,16.0,31.0,32.0,28.0,0.0,0.0,0.0
2025-09-06,X450A113F4MJ,0.0,7094.0,17.0,57.0,0.0,5678.0,0.0,17.0,16.0,31.0,32.0,36.0,0.0,0.0,0.0
2025-09-07,X450A113F4MJ,0.0,7094.0,17.0,66.0,0.0,5709.0,0.0,17.0,16.0,31.0,32.0,42.0,0.0,0.0,0.0
2025-09-08,X450A113F4MJ,0.0,7094.0,17.0,70.0,0.0,5725.0,0.0,17.0,16.0,31.0,31.0,39.0,0.0,0.0,0.0
2025-09-11,X450A113F4MJ,0.0,7094.0,17.0,107.0,0.0,5796.0,0.0,17.0,16.0,31.0,32.0,208.0,0.0,0.0,0.0
2025-01-01,X8A0A004F97G,0.0,7998.0,28.0,0.0,0.0,45210.0,0.0,25.0,5.0,101.0,32.0,0.0,0.0,0.0,0.0
2025-01-02,X8A0A004F97G,0.0,7998.0,28.0,0.0,0.0,45226.0,0.0,25.0,5.0,101.0,32.0,0.0,0.0,0.0,0.0
2025-01-03,X8A0A004F97G,0.0,7998.0,28.0,0.0,0.0,45258.0,0.0,25.0,5.0,101.0,32.0,0.0,0.0,0.0,0.0
2025-01-04,X8A0A004F97G,0.0,7998.0,28.0,0.0,0.0,45273.0,0.0,25.0,5.0,101.0,32.0,0.0,0.0,0.0,0.0
2025-01-05,X8A0A004F97G,0.0,7998.0,28.0,0.0,0.0,45305.0,0.0,25.0,5.0,101.0,32.0,0.0,0.0,0.0,0.0
2025-01-06,X8A0A004F97G,0.0,7998.0,28.0,0.0,0.0,45321.0,0.0,25.0,5.0,101.0,32.0,0.0,0.0,0.0,0.0
2025-01-07,X8A0A004F97G,0.0,7998.0,28.0,0.0,0.0,45353.0,0.0,25.0,5.0,101.0,32.0,0.0,0.0,0.0,0.0
2025-01-08,X8A0A004F97G,0.0,7998.0,28.0,0.0,0.0,45384.0,0.0,25.0,5.0,101.0,32.0,0.0,0.0,0.0,0.0
2025-01-09,X8A0A004F97G,0.0,7998.0,28.0,0.0,0.0,45400.0,0.0,25.0,5.0,101.0,32.0,0.0,0.0,0.0,0.0
2025-01-10,X8A0A004F97G,0.0,7998.0,28.0,0.0,0.0,45432.0,0.0,25.0,5.0,101.0,33.0,0.0,0.0,0.0,0.0
2025-01-11,X8A0A004F97G,0.0,7998.0,28.0,0.0,0.0,45447.0,0.0,25.0,5.0,101.0,32.0,0.0,0.0,0.0,0.0
2025-01-12,X8A0A004F97G,0.0,7998.0,28.0,0.0,0.0,45479.0,0.0,25.0,5.0,101.0,33.0,0.0,0.0,0.0,0.0
2025-01-13,X8A0A004F97G,0.0,7998.0,28.0,0.0,0.0,45495.0,0.0,25.0,5.0,101.0,32.0,0.0,0.0,0.0,0.0
2025-01-14,X8A0A004F97G,0.0,7998.0,28.0,0.0,0.0,45526.0,0.0,25.0,5.0,101.0,32.0,0.0,0.0,0.0,0.0
2025-01-15,X8A0A004F97G,0.0,7998.0,28.0,0.0,0.0,45542.0,0.0,25.0,5.0,101.0,32.0,0.0,0.0,0.0,0.0
2025-01-16,X8A0A004F97G,0.0,7998.0,28.0,0.0,0.0,45574.0,0.0,25.0,5.0,101.0,32.0,0.0,0.0,0.0,0.0
2025-01-17,X8A0A004F97G,0.0,7998.0,28.0,0.0,0.0,45590.0,0.0,25.0,5.0,101.0,32.0,0.0,0.0,0.0,0.0
2025-01-18,X8A0A004F97G,0.0,7998.0,28.0,0.0,0.0,45621.0,0.0,25.0,5.0,101.0,33.0,0.0,0.0,0.0,0.0
2025-01-19,X8A0A004F97G,0.0,7998.0,28.0,0.0,0.0,45637.0,0.0,25.0,5.0,101.0,33.0,0.0,0.0,0.0,0.0
2025-01-20,X8A0A004F97G,0.0,7998.0,28.0,0.0,0.0,45668.0,0.0,25.0,5.0,101.0,33.0,0.0,0.0,0.0,0.0
2025-01-21,X8A0A004F97G,0.0,7998.0,28.0,0.0,0.0,45684.0,0.0,25.0,5.0,101.0,33.0,0.0,0.0,0.0,0.0
2025-01-22,X8A0A004F97G,0.0,7998.0,28.0,0.0,0.0,45716.0,0.0,25.0,5.0,101.0,33.0,0.0,0.0,0.0,0.0
2025-01-23,X8A0A004F97G,0.0,7998.0,28.0,0.0,0.0,45732.0,0.0,25.0,5.0,101.0,33.0,0.0,0.0,0.0,0.0
2025-01-24,X8A0A004F97G,0.0,7998.0,28.0,0.0,0.0,45763.0,0.0,25.0,5.0,101.0,32.0,0.0,0.0,0.0,0.0
2025-01-25,X8A0A004F97G,0.0,7998.0,28.0,0.0,0.0,45795.0,0.0,25.0,5.0,101.0,33.0,0.0,0.0,0.0,0.0
2025-01-26,X8A0A004F97G,0.0,7998.0,28.0,0.0,0.0,45811.0,0.0,25.0,5.0,101.0,33.0,0.0,0.0,0.0,0.0
2025-01-27,X8A0A004F97G,0.0,7998.0,28.0,0.0,0.0,45827.0,0.0,25.0,5.0,101.0,33.0,0.0,0.0,0.0,0.0
2025-01-28,X8A0A004F97G,0.0,7998.0,28.0,0.0,0.0,45858.0,0.0,25.0,5.0,101.0,33.0,0.0,0.0,0.0,0.0
2025-01-29,X8A0A004F97G,0.0,7998.0,28.0,0.0,0.0,45874.0,0.0,25.0,5.0,101.0,33.0,0.0,0.0,0.0,0.0
2025-01-30,X8A0A004F97G,0.0,7935.0,29.0,0.0,0.0,45907.0,0.0,26.0,5.0,102.0,32.0,1.0,0.0,0.0,0.0
2025-01-31,X8A0A004F97G,0.0,7935.0,29.0,0.0,0.0,45939.0,0.0,26.0,5.0,102.0,31.0,2.0,0.0,0.0,0.0
2025-02-01,X8A0A004F97G,0.0,7935.0,29.0,0.0,0.0,45955.0,0.0,26.0,5.0,102.0,31.0,2.0,0.0,0.0,0.0
2025-02-02,X8A0A004F97G,0.0,7935.0,29.0,0.0,0.0,45971.0,0.0,26.0,5.0,102.0,32.0,2.0,0.0,0.0,0.0
2025-02-03,X8A0A004F97G,0.0,7935.0,29.0,0.0,0.0,46002.0,0.0,26.0,5.0,108.0,30.0,2.0,2.0,0.0,0.0
2025-02-04,X8A0A004F97G,0.0,7935.0,29.0,0.0,0.0,46018.0,0.0,26.0,5.0,111.0,29.0,2.0,2.0,0.0,0.0
2025-06-20,X8G0A026F97G,0.0,8004.0,35.0,0.0,0.0,49279.0,0.0,34.0,7.0,116.0,40.0,2.0,0.0,0.0,0.0
2025-06-21,X8G0A026F97G,0.0,8004.0,35.0,0.0,0.0,49311.0,0.0,34.0,7.0,116.0,39.0,3.0,0.0,0.0,0.0
2025-06-22,X8G0A026F97G,0.0,8004.0,35.0,0.0,0.0,49327.0,0.0,34.0,7.0,116.0,39.0,2.0,0.0,0.0,0.0
2025-06-23,X8G0A026F97G,0.0,8004.0,35.0,0.0,0.0,49358.0,0.0,34.0,7.0,116.0,39.0,2.0,0.0,0.0,0.0
2025-06-24,X8G0A026F97G,0.0,8004.0,35.0,0.0,0.0,49374.0,0.0,34.0,7.0,116.0,38.0,1.0,0.0,0.0,0.0
2025-06-25,X8G0A026F97G,0.0,8004.0,35.0,0.0,0.0,49390.0,0.0,34.0,7.0,116.0,39.0,2.0,0.0,0.0,0.0
2025-06-26,X8G0A026F97G,0.0,8004.0,35.0,0.0,0.0,49422.0,0.0,34.0,7.0,116.0,38.0,1.0,0.0,0.0,0.0
2025-06-27,X8G0A026F97G,0.0,8004.0,35.0,0.0,0.0,49438.0,0.0,34.0,7.0,116.0,38.0,1.0,0.0,0.0,0.0
2025-06-28,X8G0A026F97G,0.0,8004.0,35.0,0.0,0.0,49470.0,0.0,34.0,7.0,116.0,37.0,2.0,0.0,0.0,0.0
2025-06-29,X8G0A026F97G,0.0,8004.0,35.0,0.0,0.0,49486.0,0.0,34.0,7.0,116.0,38.0,2.0,0.0,0.0,0.0
2025-06-30,X8G0A026F97G,0.0,8004.0,35.0,0.0,0.0,49517.0,0.0,34.0,7.0,116.0,38.0,2.0,0.0,0.0,0.0
2025-07-01,X8G0A026F97G,0.0,8004.0,35.0,0.0,0.0,49533.0,0.0,34.0,7.0,116.0,39.0,1.0,0.0,0.0,0.0
2025-07-02,X8G0A026F97G,0.0,8004.0,35.0,0.0,0.0,49565.0,0.0,34.0,7.0,116.0,38.0,1.0,0.0,0.0,0.0
2025-07-03,X8G0A026F97G,0.0,8004.0,35.0,0.0,0.0,49581.0,0.0,34.0,7.0,116.0,39.0,1.0,0.0,0.0,0.0
2025-07-04,X8G0A026F97G,0.0,8004.0,35.0,0.0,0.0,49613.0,0.0,34.0,7.0,116.0,37.0,1.0,0.0,0.0,0.0
2025-07-05,X8G0A026F97G,0.0,8004.0,35.0,0.0,0.0,49629.0,0.0,34.0,7.0,116.0,38.0,1.0,0.0,0.0,0.0
2025-07-06,X8G0A026F97G,0.0,7916.0,36.0,4.0,0.0,49654.0,0.0,34.0,7.0,117.0,35.0,5.0,0.0,0.0,0.0
2025-07-07,X8G0A026F97G,0.0,7917.0,37.0,11.0,0.0,49688.0,0.0,34.0,7.0,118.0,37.0,7.0,61.0,0.0,0.0
2025-07-08,X8G0A026F97G,0.0,7917.0,37.0,11.0,0.0,49704.0,0.0,34.0,7.0,118.0,38.0,0.0,61.0,0.0,0.0
2025-07-09,X8G0A026F97G,0.0,7919.0,38.0,11.0,0.0,49734.0,0.0,34.0,7.0,119.0,36.0,4.0,61.0,0.0,0.0
2025-07-10,X8G0A026F97G,0.0,7919.0,38.0,11.0,0.0,49765.0,0.0,34.0,7.0,126.0,35.0,4.0,115.0,0.0,0.0
2025-07-11,X8G0A026F97G,0.0,7919.0,38.0,11.0,0.0,49781.0,0.0,34.0,7.0,133.0,34.0,4.0,115.0,0.0,0.0
2025-07-12,X8G0A026F97G,0.0,7919.0,38.0,11.0,0.0,49813.0,0.0,34.0,7.0,140.0,35.0,4.0,115.0,0.0,0.0
2025-07-13,X8G0A026F97G,0.0,7919.0,38.0,11.0,0.0,49829.0,0.0,34.0,7.0,143.0,35.0,4.0,115.0,0.0,0.0
2025-07-14,X8G0A026F97G,0.0,7919.0,38.0,11.0,0.0,49860.0,0.0,34.0,7.0,151.0,35.0,4.0,115.0,0.0,0.0
2025-07-15,X8G0A026F97G,0.0,7919.0,38.0,11.0,0.0,49876.0,0.0,34.0,7.0,155.0,35.0,4.0,115.0,0.0,0.0
2025-07-16,X8G0A026F97G,0.0,7919.0,38.0,11.0,0.0,49907.0,0.0,34.0,7.0,160.0,35.0,4.0,115.0,0.0,0.0
2025-07-17,X8G0A026F97G,0.0,7919.0,38.0,11.0,0.0,49922.0,0.0,34.0,7.0,164.0,34.0,4.0,115.0,0.0,0.0
2025-07-18,X8G0A026F97G,0.0,7919.0,38.0,11.0,0.0,49953.0,0.0,34.0,7.0,205.0,35.0,4.0,115.0,0.0,0.0
2025-07-19,X8G0A026F97G,0.0,7919.0,38.0,11.0,0.0,49985.0,0.0,34.0,7.0,255.0,35.0,4.0,115.0,0.0,0.0
2025-07-20,X8G0A026F97G,0.0,7919.0,38.0,11.0,0.0,50000.0,0.0,34.0,7.0,279.0,35.0,4.0,115.0,0.0,0.0
2025-07-21,X8G0A026F97G,0.0,7919.0,38.0,11.0,0.0,50031.0,0.0,34.0,7.0,314.0,38.0,2.0,115.0,0.0,0.0
2025-07-22,X8G0A026F97G,0.0,7919.0,38.0,11.0,0.0,50047.0,0.0,34.0,7.0,314.0,37.0,2.0,115.0,0.0,0.0
2025-07-23,X8G0A026F97G,0.0,7919.0,38.0,11.0,0.0,50078.0,0.0,34.0,7.0,339.0,36.0,2.0,110.0,0.0,0.0
2025-07-24,X8G0A026F97G,0.0,7919.0,38.0,11.0,0.0,50093.0,0.0,34.0,7.0,361.0,35.0,2.0,110.0,0.0,0.0
