timestamp,device,serial,Current_Pending_Sector,Reallocated_Sector_Ct,Offline_Uncorrectable,Start_Stop_Count,Power_Cycle_Count,Power_On_Hours,Head_Flying_Hours,Load_Cycle_Count,Raw_Read_Error_Rate,Seek_Error_Rate,Spin_Up_Time,Power-Off_Retract_Count,Temperature_Celsius,UDMA_CRC_Error_Count,Spin_Retry_Count
2024-02-22,/dev/sda,8180A06LFVKG,0.0,0.0,0.0,3.0,3.0,0.0,0.0,3.0,0.0,0.0,7961.0,2.0,25.0,0.0,0.0
2024-02-23,/dev/sda,8180A06LFVKG,0.0,0.0,0.0,3.0,3.0,16.0,0.0,3.0,0.0,0.0,7961.0,2.0,25.0,0.0,0.0
2024-02-24,/dev/sda,8180A06LFVKG,0.0,0.0,0.0,3.0,3.0,48.0,0.0,3.0,0.0,0.0,7961.0,2.0,26.0,0.0,0.0
2024-02-25,/dev/sda,8180A06LFVKG,0.0,0.0,0.0,3.0,3.0,64.0,0.0,3.0,0.0,0.0,7961.0,2.0,25.0,0.0,0.0
2024-02-26,/dev/sda,8180A06LFVKG,0.0,0.0,0.0,3.0,3.0,96.0,0.0,3.0,0.0,0.0,7961.0,2.0,25.0,0.0,0.0
2024-02-27,/dev/sda,8180A06LFVKG,0.0,0.0,0.0,3.0,3.0,112.0,0.0,3.0,0.0,0.0,7961.0,2.0,25.0,0.0,0.0
2024-02-28,/dev/sda,8180A06LFVKG,0.0,0.0,0.0,3.0,3.0,144.0,0.0,3.0,0.0,0.0,7961.0,2.0,25.0,0.0,0.0
2024-02-29,/dev/sda,8180A06LFVKG,0.0,0.0,0.0,3.0,3.0,160.0,0.0,3.0,0.0,0.0,7961.0,2.0,25.0,0.0,0.0
2024-03-01,/dev/sda,8180A06LFVKG,0.0,0.0,0.0,3.0,3.0,192.0,0.0,3.0,0.0,0.0,7961.0,2.0,26.0,0.0,0.0
2024-03-02,/dev/sda,8180A06LFVKG,0.0,0.0,0.0,3.0,3.0,208.0,0.0,3.0,0.0,0.0,7961.0,2.0,25.0,0.0,0.0
2024-03-03,/dev/sda,8180A06LFVKG,0.0,0.0,0.0,3.0,3.0,240.0,0.0,3.0,0.0,0.0,7961.0,2.0,26.0,0.0,0.0
2024-03-04,/dev/sda,8180A06LFVKG,0.0,0.0,0.0,3.0,3.0,256.0,0.0,3.0,0.0,0.0,7961.0,2.0,26.0,0.0,0.0
2024-03-05,/dev/sda,8180A06LFVKG,0.0,0.0,0.0,3.0,3.0,288.0,0.0,3.0,0.0,0.0,7961.0,2.0,26.0,0.0,0.0
2024-03-06,/dev/sda,8180A06LFVKG,0.0,0.0,0.0,3.0,3.0,304.0,0.0,3.0,0.0,0.0,7961.0,2.0,26.0,0.0,0.0
2024-03-07,/dev/sda,8180A06LFVKG,0.0,0.0,0.0,3.0,3.0,320.0,0.0,3.0,0.0,0.0,7961.0,2.0,26.0,0.0,0.0
2024-03-08,/dev/sda,8180A06LFVKG,0.0,0.0,0.0,3.0,3.0,352.0,0.0,3.0,0.0,0.0,7961.0,2.0,26.0,0.0,0.0
2024-03-09,/dev/sda,8180A06LFVKG,0.0,0.0,0.0,3.0,3.0,368.0,0.0,3.0,0.0,0.0,7961.0,2.0,26.0,0.0,0.0
2024-03-10,/dev/sda,8180A06LFVKG,0.0,0.0,0.0,3.0,3.0,400.0,0.0,3.0,0.0,0.0,7961.0,2.0,26.0,0.0,0.0
2024-03-11,/dev/sda,8180A06LFVKG,0.0,0.0,0.0,3.0,3.0,416.0,0.0,3.0,0.0,0.0,7961.0,2.0,26.0,0.0,0.0
2024-03-12,/dev/sda,8180A06LFVKG,0.0,0.0,0.0,3.0,3.0,447.0,0.0,3.0,0.0,0.0,7961.0,2.0,26.0,0.0,0.0
2024-03-13,/dev/sda,8180A06LFVKG,0.0,0.0,0.0,3.0,3.0,463.0,0.0,3.0,0.0,0.0,7961.0,2.0,26.0,0.0,0.0
2024-03-14,/dev/sda,8180A06LFVKG,0.0,0.0,0.0,3.0,3.0,495.0,0.0,3.0,0.0,0.0,7961.0,2.0,27.0,0.0,0.0
2024-03-15,/dev/sda,8180A06LFVKG,1.0,0.0,0.0,4.0,3.0,527.0,0.0,4.0,0.0,0.0,8059.0,2.0,26.0,0.0,0.0
2024-03-16,/dev/sda,8180A06LFVKG,1.0,0.0,0.0,4.0,3.0,543.0,0.0,4.0,0.0,0.0,8059.0,2.0,26.0,0.0,0.0
2024-03-17,/dev/sda,8180A06LFVKG,1.0,0.0,0.0,4.0,3.0,575.0,0.0,4.0,0.0,0.0,8059.0,2.0,26.0,0.0,0.0
2024-03-18,/dev/sda,8180A06LFVKG,1.0,0.0,0.0,4.0,3.0,591.0,0.0,4.0,0.0,0.0,8059.0,2.0,26.0,0.0,0.0
2024-03-19,/dev/sda,8180A06LFVKG,1.0,0.0,0.0,4.0,3.0,623.0,0.0,4.0,0.0,0.0,8059.0,2.0,26.0,0.0,0.0
2024-03-20,/dev/sda,8180A06LFVKG,1.0,0.0,0.0,4.0,3.0,639.0,0.0,4.0,0.0,0.0,8059.0,2.0,26.0,0.0,0.0
2024-03-24,/dev/sda,8180A06LFVKG,1.0,0.0,0.0,5.0,3.0,740.0,0.0,5.0,0.0,0.0,8063.0,2.0,25.0,0.0,0.0
2024-03-25,/dev/sda,8180A06LFVKG,35.0,0.0,0.0,5.0,3.0,771.0,0.0,5.0,0.0,0.0,8063.0,2.0,27.0,0.0,0.0
2024-03-26,/dev/sda,8180A06LFVKG,38.0,0.0,38.0,5.0,3.0,787.0,0.0,5.0,0.0,0.0,8063.0,2.0,26.0,0.0,0.0
2025-06-20,/dev/sdb,X8G0A026F97G,2.0,0.0,0.0,35.0,34.0,49279.0,0.0,116.0,0.0,0.0,8004.0,7.0,40.0,0.0,0.0
2025-06-21,/dev/sdb,X8G0A026F97G,3.0,0.0,0.0,35.0,34.0,49311.0,0.0,116.0,0.0,0.0,8004.0,7.0,39.0,0.0,0.0
2025-06-22,/dev/sdb,X8G0A026F97G,2.0,0.0,0.0,35.0,34.0,49327.0,0.0,116.0,0.0,0.0,8004.0,7.0,39.0,0.0,0.0
2025-06-23,/dev/sdb,X8G0A026F97G,2.0,0.0,0.0,35.0,34.0,49358.0,0.0,116.0,0.0,0.0,8004.0,7.0,39.0,0.0,0.0
2025-06-24,/dev/sdb,X8G0A026F97G,1.0,0.0,0.0,35.0,34.0,49374.0,0.0,116.0,0.0,0.0,8004.0,7.0,38.0,0.0,0.0
2025-06-25,/dev/sdb,X8G0A026F97G,2.0,0.0,0.0,35.0,34.0,49390.0,0.0,116.0,0.0,0.0,8004.0,7.0,39.0,0.0,0.0
2025-06-26,/dev/sdb,X8G0A026F97G,1.0,0.0,0.0,35.0,34.0,49422.0,0.0,116.0,0.0,0.0,8004.0,7.0,38.0,0.0,0.0
2025-06-27,/dev/sdb,X8G0A026F97G,1.0,0.0,0.0,35.0,34.0,49438.0,0.0,116.0,0.0,0.0,8004.0,7.0,38.0,0.0,0.0
2025-06-28,/dev/sdb,X8G0A026F97G,2.0,0.0,0.0,35.0,34.0,49470.0,0.0,116.0,0.0,0.0,8004.0,7.0,37.0,0.0,0.0
2025-06-29,/dev/sdb,X8G0A026F97G,2.0,0.0,0.0,35.0,34.0,49486.0,0.0,116.0,0.0,0.0,8004.0,7.0,38.0,0.0,0.0
2025-06-30,/dev/sdb,X8G0A026F97G,2.0,0.0,0.0,35.0,34.0,49517.0,0.0,116.0,0.0,0.0,8004.0,7.0,38.0,0.0,0.0
2025-07-01,/dev/sdb,X8G0A026F97G,1.0,0.0,0.0,35.0,34.0,49533.0,0.0,116.0,0.0,0.0,8004.0,7.0,39.0,0.0,0.0
2025-07-02,/dev/sdb,X8G0A026F97G,1.0,0.0,0.0,35.0,34.0,49565.0,0.0,116.0,0.0,0.0,8004.0,7.0,38.0,0.0,0.0
2025-07-03,/dev/sdb,X8G0A026F97G,1.0,0.0,0.0,35.0,34.0,49581.0,0.0,116.0,0.0,0.0,8004.0,7.0,39.0,0.0,0.0
2025-07-04,/dev/sdb,X8G0A026F97G,1.0,0.0,0.0,35.0,34.0,49613.0,0.0,116.0,0.0,0.0,8004.0,7.0,37.0,0.0,0.0
2025-07-05,/dev/sdb,X8G0A026F97G,1.0,0.0,0.0,35.0,34.0,49629.0,0.0,116.0,0.0,0.0,8004.0,7.0,38.0,0.0,0.0
2025-07-06,/dev/sdb,X8G0A026F97G,5.0,4.0,0.0,36.0,34.0,49654.0,0.0,117.0,0.0,0.0,7916.0,7.0,35.0,0.0,0.0
2025-07-07,/dev/sdb,X8G0A026F97G,7.0,11.0,61.0,37.0,34.0,49688.0,0.0,118.0,0.0,0.0,7917.0,7.0,37.0,0.0,0.0
2025-07-08,/dev/sdb,X8G0A026F97G,0.0,11.0,61.0,37.0,34.0,49704.0,0.0,118.0,0.0,0.0,7917.0,7.0,38.0,0.0,0.0
2025-07-09,/dev/sdb,X8G0A026F97G,4.0,11.0,61.0,38.0,34.0,49734.0,0.0,119.0,0.0,0.0,7919.0,7.0,36.0,0.0,0.0
2025-07-10,/dev/sdb,X8G0A026F97G,4.0,11.0,115.0,38.0,34.0,49765.0,0.0,126.0,0.0,0.0,7919.0,7.0,35.0,0.0,0.0
2025-07-11,/dev/sdb,X8G0A026F97G,4.0,11.0,115.0,38.0,34.0,49781.0,0.0,133.0,0.0,0.0,7919.0,7.0,34.0,0.0,0.0
2025-07-12,/dev/sdb,X8G0A026F97G,4.0,11.0,115.0,38.0,34.0,49813.0,0.0,140.0,0.0,0.0,7919.0,7.0,35.0,0.0,0.0
2025-07-13,/dev/sdb,X8G0A026F97G,4.0,11.0,115.0,38.0,34.0,49829.0,0.0,143.0,0.0,0.0,7919.0,7.0,35.0,0.0,0.0
2025-07-14,/dev/sdb,X8G0A026F97G,4.0,11.0,115.0,38.0,34.0,49860.0,0.0,151.0,0.0,0.0,7919.0,7.0,35.0,0.0,0.0
2025-07-15,/dev/sdb,X8G0A026F97G,4.0,11.0,115.0,38.0,34.0,49876.0,0.0,155.0,0.0,0.0,7919.0,7.0,35.0,0.0,0.0
2025-07-16,/dev/sdb,X8G0A026F97G,4.0,11.0,115.0,38.0,34.0,49907.0,0.0,160.0,0.0,0.0,7919.0,7.0,35.0,0.0,0.0
2025-07-17,/dev/sdb,X8G0A026F97G,4.0,11.0,115.0,38.0,34.0,49922.0,0.0,164.0,0.0,0.0,7919.0,7.0,34.0,0.0,0.0
2025-07-18,/dev/sdb,X8G0A026F97G,4.0,11.0,115.0,38.0,34.0,49953.0,0.0,205.0,0.0,0.0,7919.0,7.0,35.0,0.0,0.0
2025-07-19,/dev/sdb,X8G0A026F97G,4.0,11.0,115.0,38.0,34.0,49985.0,0.0,255.0,0.0,0.0,7919.0,7.0,35.0,0.0,0.0
2025-07-20,/dev/sdb,X8G0A026F97G,4.0,11.0,115.0,38.0,34.0,50000.0,0.0,279.0,0.0,0.0,7919.0,7.0,35.0,0.0,0.0
2025-07-21,/dev/sdb,X8G0A026F97G,2.0,11.0,115.0,38.0,34.0,50031.0,0.0,314.0,0.0,0.0,7919.0,7.0,38.0,0.0,0.0
2025-07-22,/dev/sdb,X8G0A026F97G,2.0,11.0,115.0,38.0,34.0,50047.0,0.0,314.0,0.0,0.0,7919.0,7.0,37.0,0.0,0.0
2025-07-23,/dev/sdb,X8G0A026F97G,2.0,11.0,110.0,38.0,34.0,50078.0,0.0,339.0,0.0,0.0,7919.0,7.0,36.0,0.0,0.0
2025-07-24,/dev/sdb,X8G0A026F97G,2.0,11.0,110.0,38.0,34.0,50093.0,0.0,361.0,0.0,0.0,7919.0,7.0,35.0,0.0,0.0
2025-04-14,/dev/sdc,88X0A077F97G,1.0,1.0,0.0,26.0,25.0,57236.0,0.0,121.0,0.0,0.0,7692.0,6.0,36.0,0.0,0.0
2025-04-15,/dev/sdc,88X0A077F97G,1.0,1.0,0.0,26.0,25.0,57267.0,0.0,121.0,0.0,0.0,7692.0,6.0,37.0,0.0,0.0
2025-04-16,/dev/sdc,88X0A077F97G,1.0,1.0,0.0,26.0,25.0,57283.0,0.0,121.0,0.0,0.0,7692.0,6.0,37.0,0.0,0.0
2025-04-17,/dev/sdc,88X0A077F97G,1.0,2.0,0.0,26.0,25.0,57315.0,0.0,121.0,0.0,0.0,7692.0,6.0,36.0,0.0,0.0
2025-04-18,/dev/sdc,88X0A077F97G,1.0,2.0,0.0,26.0,25.0,57330.0,0.0,121.0,0.0,0.0,7692.0,6.0,36.0,0.0,0.0
2025-04-19,/dev/sdc,88X0A077F97G,1.0,3.0,0.0,26.0,25.0,57361.0,0.0,121.0,0.0,0.0,7692.0,6.0,35.0,0.0,0.0
2025-04-20,/dev/sdc,88X0A077F97G,1.0,3.0,0.0,26.0,25.0,57377.0,0.0,123.0,0.0,0.0,7692.0,6.0,35.0,0.0,0.0
2025-04-21,/dev/sdc,88X0A077F97G,1.0,3.0,0.0,26.0,25.0,57409.0,0.0,123.0,0.0,0.0,7692.0,6.0,37.0,0.0,0.0
2025-04-22,/dev/sdc,88X0A077F97G,1.0,3.0,0.0,26.0,25.0,57425.0,0.0,123.0,0.0,0.0,7692.0,6.0,36.0,0.0,0.0
2025-04-23,/dev/sdc,88X0A077F97G,1.0,4.0,0.0,26.0,25.0,57441.0,0.0,123.0,0.0,0.0,7692.0,6.0,37.0,0.0,0.0
2025-04-25,/dev/sdc,88X0A077F97G,0.0,6.0,0.0,27.0,25.0,57480.0,0.0,124.0,0.0,0.0,7868.0,6.0,36.0,0.0,0.0
2025-04-28,/dev/sdc,88X0A077F97G,1.0,8.0,0.0,28.0,25.0,57575.0,0.0,125.0,0.0,0.0,7848.0,6.0,34.0,0.0,0.0
2025-04-29,/dev/sdc,88X0A077F97G,1.0,8.0,0.0,28.0,25.0,57607.0,0.0,125.0,0.0,0.0,7848.0,6.0,34.0,0.0,0.0
2025-04-30,/dev/sdc,88X0A077F97G,1.0,8.0,0.0,28.0,25.0,57623.0,0.0,125.0,0.0,0.0,7848.0,6.0,35.0,0.0,0.0
2025-05-01,/dev/sdc,88X0A077F97G,1.0,8.0,0.0,28.0,25.0,57638.0,0.0,125.0,0.0,0.0,7848.0,6.0,35.0,0.0,0.0
2025-05-02,/dev/sdc,88X0A077F97G,1.0,8.0,0.0,28.0,25.0,57670.0,0.0,125.0,0.0,0.0,7848.0,6.0,35.0,0.0,0.0
2025-05-03,/dev/sdc,88X0A077F97G,1.0,8.0,0.0,28.0,25.0,57685.0,0.0,125.0,0.0,0.0,7848.0,6.0,35.0,0.0,0.0
2025-05-04,/dev/sdc,88X0A077F97G,1.0,9.0,0.0,28.0,25.0,57717.0,0.0,125.0,0.0,0.0,7848.0,6.0,35.0,0.0,0.0
2025-05-05,/dev/sdc,88X0A077F97G,1.0,9.0,0.0,28.0,25.0,57733.0,0.0,125.0,0.0,0.0,7848.0,6.0,36.0,0.0,0.0
2025-05-06,/dev/sdc,88X0A077F97G,1.0,9.0,0.0,28.0,25.0,57764.0,0.0,125.0,0.0,0.0,7848.0,6.0,37.0,0.0,0.0
2025-05-07,/dev/sdc,88X0A077F97G,1.0,9.0,0.0,28.0,25.0,57796.0,0.0,125.0,0.0,0.0,7848.0,6.0,37.0,0.0,0.0
2025-05-08,/dev/sdc,88X0A077F97G,1.0,9.0,0.0,28.0,25.0,57811.0,0.0,125.0,0.0,0.0,7848.0,6.0,37.0,0.0,0.0
2025-05-09,/dev/sdc,88X0A077F97G,1.0,9.0,0.0,28.0,25.0,57843.0,0.0,125.0,0.0,0.0,7848.0,6.0,37.0,0.0,0.0
2025-05-10,/dev/sdc,88X0A077F97G,1.0,9.0,0.0,28.0,25.0,57859.0,0.0,125.0,0.0,0.0,7848.0,6.0,36.0,0.0,0.0
2025-05-11,/dev/sdc,88X0A077F97G,1.0,10.0,0.0,28.0,25.0,57890.0,0.0,138.0,0.0,0.0,7848.0,6.0,38.0,0.0,0.0
2025-05-13,/dev/sdc,88X0A077F97G,0.0,13.0,0.0,28.0,25.0,57938.0,0.0,138.0,0.0,0.0,7848.0,6.0,38.0,0.0,0.0
2025-05-14,/dev/sdc,88X0A077F97G,0.0,13.0,0.0,28.0,25.0,57954.0,0.0,138.0,0.0,0.0,7848.0,6.0,37.0,0.0,0.0
2025-05-15,/dev/sdc,88X0A077F97G,0.0,13.0,0.0,28.0,25.0,57985.0,0.0,138.0,0.0,0.0,7848.0,6.0,38.0,0.0,0.0
2025-05-16,/dev/sdc,88X0A077F97G,0.0,15.0,0.0,28.0,25.0,58001.0,0.0,138.0,0.0,0.0,7848.0,6.0,37.0,0.0,0.0
2025-05-17,/dev/sdc,88X0A077F97G,0.0,15.0,0.0,28.0,25.0,58032.0,0.0,138.0,0.0,0.0,7848.0,6.0,36.0,0.0,0.0
2025-05-19,/dev/sdc,88X0A077F97G,2.0,16.0,0.0,29.0,25.0,58076.0,0.0,139.0,0.0,0.0,7854.0,6.0,33.0,0.0,0.0
2025-05-20,/dev/sdc,88X0A077F97G,2.0,16.0,0.0,29.0,25.0,58108.0,0.0,146.0,0.0,0.0,7854.0,6.0,34.0,0.0,0.0
2025-05-21,/dev/sdc,88X0A077F97G,2.0,16.0,0.0,29.0,25.0,58123.0,0.0,149.0,0.0,0.0,7854.0,6.0,33.0,0.0,0.0
2025-05-22,/dev/sdc,88X0A077F97G,2.0,16.0,0.0,29.0,25.0,58155.0,0.0,155.0,0.0,0.0,7854.0,6.0,34.0,0.0,0.0
2025-05-23,/dev/sdc,88X0A077F97G,2.0,16.0,0.0,29.0,25.0,58171.0,0.0,157.0,0.0,0.0,7854.0,6.0,34.0,0.0,0.0
2025-01-01,/dev/sdd,X8A0A004F97G,0.0,0.0,0.0,28.0,25.0,45210.0,0.0,101.0,0.0,0.0,7998.0,5.0,32.0,0.0,0.0
2025-01-02,/dev/sdd,X8A0A004F97G,0.0,0.0,0.0,28.0,25.0,45226.0,0.0,101.0,0.0,0.0,7998.0,5.0,32.0,0.0,0.0
2025-01-03,/dev/sdd,X8A0A004F97G,0.0,0.0,0.0,28.0,25.0,45258.0,0.0,101.0,0.0,0.0,7998.0,5.0,32.0,0.0,0.0
2025-01-04,/dev/sdd,X8A0A004F97G,0.0,0.0,0.0,28.0,25.0,45273.0,0.0,101.0,0.0,0.0,7998.0,5.0,32.0,0.0,0.0
2025-01-05,/dev/sdd,X8A0A004F97G,0.0,0.0,0.0,28.0,25.0,45305.0,0.0,101.0,0.0,0.0,7998.0,5.0,32.0,0.0,0.0
2025-01-06,/dev/sdd,X8A0A004F97G,0.0,0.0,0.0,28.0,25.0,45321.0,0.0,101.0,0.0,0.0,7998.0,5.0,32.0,0.0,0.0
2025-01-07,/dev/sdd,X8A0A004F97G,0.0,0.0,0.0,28.0,25.0,45353.0,0.0,101.0,0.0,0.0,7998.0,5.0,32.0,0.0,0.0
2025-01-08,/dev/sdd,X8A0A004F97G,0.0,0.0,0.0,28.0,25.0,45384.0,0.0,101.0,0.0,0.0,7998.0,5.0,32.0,0.0,0.0
2025-01-09,/dev/sdd,X8A0A004F97G,0.0,0.0,0.0,28.0,25.0,45400.0,0.0,101.0,0.0,0.0,7998.0,5.0,32.0,0.0,0.0
2025-01-10,/dev/sdd,X8A0A004F97G,0.0,0.0,0.0,28.0,25.0,45432.0,0.0,101.0,0.0,0.0,7998.0,5.0,33.0,0.0,0.0
2025-01-11,/dev/sdd,X8A0A004F97G,0.0,0.0,0.0,28.0,25.0,45447.0,0.0,101.0,0.0,0.0,7998.0,5.0,32.0,0.0,0.0
2025-01-12,/dev/sdd,X8A0A004F97G,0.0,0.0,0.0,28.0,25.0,45479.0,0.0,101.0,0.0,0.0,7998.0,5.0,33.0,0.0,0.0
2025-01-13,/dev/sdd,X8A0A004F97G,0.0,0.0,0.0,28.0,25.0,45495.0,0.0,101.0,0.0,0.0,7998.0,5.0,32.0,0.0,0.0
2025-01-14,/dev/sdd,X8A0A004F97G,0.0,0.0,0.0,28.0,25.0,45526.0,0.0,101.0,0.0,0.0,7998.0,5.0,32.0,0.0,0.0
2025-01-15,/dev/sdd,X8A0A004F97G,0.0,0.0,0.0,28.0,25.0,45542.0,0.0,101.0,0.0,0.0,7998.0,5.0,32.0,0.0,0.0
2025-01-16,/dev/sdd,X8A0A004F97G,0.0,0.0,0.0,28.0,25.0,45574.0,0.0,101.0,0.0,0.0,7998.0,5.0,32.0,0.0,0.0
2025-01-17,/dev/sdd,X8A0A004F97G,0.0,0.0,0.0,28.0,25.0,45590.0,0.0,101.0,0.0,0.0,7998.0,5.0,32.0,0.0,0.0
2025-01-18,/dev/sdd,X8A0A004F97G,0.0,0.0,0.0,28.0,25.0,45621.0,0.0,101.0,0.0,0.0,7998.0,5.0,33.0,0.0,0.0
2025-01-19,/dev/sdd,X8A0A004F97G,0.0,0.0,0.0,28.0,25.0,45637.0,0.0,101.0,0.0,0.0,7998.0,5.0,33.0,0.0,0.0
2025-01-20,/dev/sdd,X8A0A004F97G,0.0,0.0,0.0,28.0,25.0,45668.0,0.0,101.0,0.0,0.0,7998.0,5.0,33.0,0.0,0.0
2025-01-21,/dev/sdd,X8A0A004F97G,0.0,0.0,0.0,28.0,25.0,45684.0,0.0,101.0,0.0,0.0,7998.0,5.0,33.0,0.0,0.0
2025-01-22,/dev/sdd,X8A0A004F97G,0.0,0.0,0.0,28.0,25.0,45716.0,0.0,101.0,0.0,0.0,7998.0,5.0,33.0,0.0,0.0
2025-01-23,/dev/sdd,X8A0A004F97G,0.0,0.0,0.0,28.0,25.0,45732.0,0.0,101.0,0.0,0.0,7998.0,5.0,33.0,0.0,0.0
2025-01-24,/dev/sdd,X8A0A004F97G,0.0,0.0,0.0,28.0,25.0,45763.0,0.0,101.0,0.0,0.0,7998.0,5.0,32.0,0.0,0.0
2025-01-25,/dev/sdd,X8A0A004F97G,0.0,0.0,0.0,28.0,25.0,45795.0,0.0,101.0,0.0,0.0,7998.0,5.0,33.0,0.0,0.0
2025-01-26,/dev/sdd,X8A0A004F97G,0.0,0.0,0.0,28.0,25.0,45811.0,0.0,101.0,0.0,0.0,7998.0,5.0,33.0,0.0,0.0
2025-01-27,/dev/sdd,X8A0A004F97G,0.0,0.0,0.0,28.0,25.0,45827.0,0.0,101.0,0.0,0.0,7998.0,5.0,33.0,0.0,0.0
2025-01-28,/dev/sdd,X8A0A004F97G,0.0,0.0,0.0,28.0,25.0,45858.0,0.0,101.0,0.0,0.0,7998.0,5.0,33.0,0.0,0.0
2025-01-29,/dev/sdd,X8A0A004F97G,0.0,0.0,0.0,28.0,25.0,45874.0,0.0,101.0,0.0,0.0,7998.0,5.0,33.0,0.0,0.0
2025-01-30,/dev/sdd,X8A0A004F97G,1.0,0.0,0.0,29.0,26.0,45907.0,0.0,102.0,0.0,0.0,7935.0,5.0,32.0,0.0,0.0
2025-01-31,/dev/sdd,X8A0A004F97G,2.0,0.0,0.0,29.0,26.0,45939.0,0.0,102.0,0.0,0.0,7935.0,5.0,31.0,0.0,0.0
2025-02-01,/dev/sdd,X8A0A004F97G,2.0,0.0,0.0,29.0,26.0,45955.0,0.0,102.0,0.0,0.0,7935.0,5.0,31.0,0.0,0.0
2025-02-02,/dev/sdd,X8A0A004F97G,2.0,0.0,0.0,29.0,26.0,45971.0,0.0,102.0,0.0,0.0,7935.0,5.0,32.0,0.0,0.0
2025-02-03,/dev/sdd,X8A0A004F97G,2.0,0.0,2.0,29.0,26.0,46002.0,0.0,108.0,0.0,0.0,7935.0,5.0,30.0,0.0,0.0
2025-02-04,/dev/sdd,X8A0A004F97G,2.0,0.0,2.0,29.0,26.0,46018.0,0.0,111.0,0.0,0.0,7935.0,5.0,29.0,0.0,0.0
2025-08-15,/dev/sde,44F0B01NV4MJ,0.0,0.0,0.0,16.0,16.0,9504.0,0.0,28.0,0.0,0.0,9375.0,15.0,41.0,0.0,0.0
2025-08-16,/dev/sde,44F0B01NV4MJ,0.0,0.0,0.0,16.0,16.0,9535.0,0.0,28.0,0.0,0.0,9375.0,15.0,40.0,0.0,0.0
2025-08-17,/dev/sde,44F0B01NV4MJ,0.0,0.0,0.0,16.0,16.0,9550.0,0.0,28.0,0.0,0.0,9375.0,15.0,40.0,0.0,0.0
2025-08-18,/dev/sde,44F0B01NV4MJ,0.0,0.0,0.0,16.0,16.0,9581.0,0.0,28.0,0.0,0.0,9375.0,15.0,41.0,0.0,0.0
2025-08-19,/dev/sde,44F0B01NV4MJ,0.0,0.0,0.0,16.0,16.0,9597.0,0.0,28.0,0.0,0.0,9375.0,15.0,41.0,0.0,0.0
2025-08-20,/dev/sde,44F0B01NV4MJ,0.0,0.0,0.0,17.0,17.0,9628.0,0.0,29.0,0.0,0.0,9367.0,16.0,42.0,0.0,0.0
2025-08-21,/dev/sde,44F0B01NV4MJ,0.0,0.0,0.0,17.0,17.0,9658.0,0.0,29.0,0.0,0.0,9367.0,16.0,41.0,0.0,0.0
2025-08-22,/dev/sde,44F0B01NV4MJ,0.0,0.0,0.0,17.0,17.0,9674.0,0.0,29.0,0.0,0.0,9367.0,16.0,41.0,0.0,0.0
2025-08-23,/dev/sde,44F0B01NV4MJ,0.0,0.0,0.0,17.0,17.0,9704.0,0.0,29.0,0.0,0.0,9367.0,16.0,41.0,0.0,0.0
2025-08-24,/dev/sde,44F0B01NV4MJ,0.0,0.0,0.0,17.0,17.0,9720.0,0.0,29.0,0.0,0.0,9367.0,16.0,40.0,0.0,0.0
2025-08-25,/dev/sde,44F0B01NV4MJ,0.0,0.0,0.0,17.0,17.0,9751.0,0.0,29.0,0.0,0.0,9367.0,16.0,41.0,0.0,0.0
2025-08-26,/dev/sde,44F0B01NV4MJ,0.0,0.0,0.0,17.0,17.0,9766.0,0.0,29.0,0.0,0.0,9367.0,16.0,40.0,0.0,0.0
2025-08-27,/dev/sde,44F0B01NV4MJ,0.0,0.0,0.0,17.0,17.0,9797.0,0.0,29.0,0.0,0.0,9367.0,16.0,41.0,0.0,0.0
2025-08-28,/dev/sde,44F0B01NV4MJ,0.0,0.0,0.0,17.0,17.0,9812.0,0.0,29.0,0.0,0.0,9367.0,16.0,40.0,0.0,0.0
2025-08-29,/dev/sde,44F0B01NV4MJ,0.0,0.0,0.0,17.0,17.0,9843.0,0.0,29.0,0.0,0.0,9367.0,16.0,40.0,0.0,0.0
2025-08-30,/dev/sde,44F0B01NV4MJ,0.0,0.0,0.0,17.0,17.0,9858.0,0.0,29.0,0.0,0.0,9367.0,16.0,40.0,0.0,0.0
2025-08-31,/dev/sde,44F0B01NV4MJ,0.0,0.0,0.0,17.0,17.0,9889.0,0.0,29.0,0.0,0.0,9367.0,16.0,40.0,0.0,0.0
2025-09-01,/dev/sde,44F0B01NV4MJ,0.0,0.0,0.0,17.0,17.0,9904.0,0.0,29.0,0.0,0.0,9367.0,16.0,41.0,0.0,0.0
2025-09-02,/dev/sde,44F0B01NV4MJ,0.0,0.0,0.0,17.0,17.0,9935.0,0.0,29.0,0.0,0.0,9367.0,16.0,41.0,0.0,0.0
2025-09-03,/dev/sde,44F0B01NV4MJ,0.0,0.0,0.0,17.0,17.0,9966.0,0.0,29.0,0.0,0.0,9367.0,16.0,41.0,0.0,0.0
2025-09-04,/dev/sde,44F0B01NV4MJ,0.0,0.0,0.0,17.0,17.0,9981.0,0.0,29.0,0.0,0.0,9367.0,16.0,40.0,0.0,0.0
2025-09-05,/dev/sde,44F0B01NV4MJ,0.0,0.0,0.0,17.0,17.0,10012.0,0.0,29.0,0.0,0.0,9367.0,16.0,40.0,0.0,0.0
2025-09-06,/dev/sde,44F0B01NV4MJ,0.0,27.0,0.0,17.0,17.0,10027.0,0.0,29.0,0.0,0.0,9367.0,16.0,40.0,0.0,0.0
2025-09-07,/dev/sde,44F0B01NV4MJ,0.0,34.0,0.0,17.0,17.0,10058.0,0.0,29.0,0.0,0.0,9367.0,16.0,40.0,0.0,0.0
2025-09-08,/dev/sde,44F0B01NV4MJ,0.0,71.0,0.0,17.0,17.0,10073.0,0.0,29.0,0.0,0.0,9367.0,16.0,40.0,0.0,0.0
2025-09-09,/dev/sde,44F0B01NV4MJ,0.0,496.0,0.0,17.0,17.0,10104.0,0.0,29.0,0.0,0.0,9367.0,16.0,41.0,0.0,0.0
2025-09-10,/dev/sde,44F0B01NV4MJ,0.0,537.0,0.0,17.0,17.0,10120.0,0.0,29.0,0.0,0.0,9367.0,16.0,42.0,0.0,0.0
2025-09-11,/dev/sde,44F0B01NV4MJ,0.0,570.0,0.0,17.0,17.0,10150.0,0.0,29.0,0.0,0.0,9367.0,16.0,41.0,0.0,0.0
2025-09-12,/dev/sde,44F0B01NV4MJ,0.0,631.0,0.0,17.0,17.0,10181.0,0.0,29.0,0.0,0.0,9367.0,16.0,40.0,0.0,0.0
2025-09-13,/dev/sde,44F0B01NV4MJ,0.0,769.0,0.0,17.0,17.0,10196.0,0.0,29.0,0.0,0.0,9367.0,16.0,40.0,0.0,0.0
2025-09-14,/dev/sde,44F0B01NV4MJ,0.0,10000.0,0.0,17.0,17.0,10227.0,0.0,29.0,0.0,0.0,9367.0,16.0,40.0,0.0,0.0
2025-09-15,/dev/sde,44F0B01NV4MJ,0.0,10000.0,0.0,17.0,17.0,10242.0,0.0,29.0,0.0,0.0,9367.0,16.0,40.0,0.0,0.0
2025-09-16,/dev/sde,44F0B01NV4MJ,0.0,10000.0,0.0,17.0,17.0,10273.0,0.0,29.0,0.0,0.0,9367.0,16.0,40.0,0.0,0.0
2025-09-17,/dev/sde,44F0B01NV4MJ,0.0,10000.0,0.0,17.0,17.0,10289.0,0.0,29.0,0.0,0.0,9367.0,16.0,40.0,0.0,0.0
2025-09-18,/dev/sde,44F0B01NV4MJ,0.0,10000.0,0.0,17.0,17.0,10304.0,0.0,29.0,0.0,0.0,9367.0,16.0,41.0,0.0,0.0
2025-08-06,/dev/sdf,X450A113F4MJ,16.0,18.0,0.0,17.0,17.0,4933.0,0.0,31.0,0.0,0.0,7094.0,16.0,32.0,0.0,0.0
2025-08-07,/dev/sdf,X450A113F4MJ,16.0,18.0,0.0,17.0,17.0,4964.0,0.0,31.0,0.0,0.0,7094.0,16.0,32.0,0.0,0.0
2025-08-08,/dev/sdf,X450A113F4MJ,16.0,18.0,0.0,17.0,17.0,4979.0,0.0,31.0,0.0,0.0,7094.0,16.0,31.0,0.0,0.0
2025-08-09,/dev/sdf,X450A113F4MJ,16.0,18.0,0.0,17.0,17.0,5010.0,0.0,31.0,0.0,0.0,7094.0,16.0,33.0,0.0,0.0
2025-08-10,/dev/sdf,X450A113F4MJ,16.0,18.0,0.0,17.0,17.0,5026.0,0.0,31.0,0.0,0.0,7094.0,16.0,32.0,0.0,0.0
2025-08-11,/dev/sdf,X450A113F4MJ,16.0,18.0,0.0,17.0,17.0,5057.0,0.0,31.0,0.0,0.0,7094.0,16.0,32.0,0.0,0.0
2025-08-12,/dev/sdf,X450A113F4MJ,16.0,18.0,0.0,17.0,17.0,5072.0,0.0,31.0,0.0,0.0,7094.0,16.0,31.0,0.0,0.0
2025-08-13,/dev/sdf,X450A113F4MJ,16.0,18.0,0.0,17.0,17.0,5104.0,0.0,31.0,0.0,0.0,7094.0,16.0,32.0,0.0,0.0
2025-08-14,/dev/sdf,X450A113F4MJ,15.0,18.0,0.0,17.0,17.0,5119.0,0.0,31.0,0.0,0.0,7094.0,16.0,31.0,0.0,0.0
2025-08-15,/dev/sdf,X450A113F4MJ,15.0,18.0,0.0,17.0,17.0,5150.0,0.0,31.0,0.0,0.0,7094.0,16.0,31.0,0.0,0.0
2025-08-16,/dev/sdf,X450A113F4MJ,15.0,18.0,0.0,17.0,17.0,5181.0,0.0,31.0,0.0,0.0,7094.0,16.0,33.0,0.0,0.0
2025-08-17,/dev/sdf,X450A113F4MJ,15.0,18.0,0.0,17.0,17.0,5197.0,0.0,31.0,0.0,0.0,7094.0,16.0,31.0,0.0,0.0
2025-08-18,/dev/sdf,X450A113F4MJ,15.0,18.0,0.0,17.0,17.0,5228.0,0.0,31.0,0.0,0.0,7094.0,16.0,32.0,0.0,0.0
2025-08-19,/dev/sdf,X450A113F4MJ,15.0,18.0,0.0,17.0,17.0,5243.0,0.0,31.0,0.0,0.0,7094.0,16.0,31.0,0.0,0.0
2025-08-20,/dev/sdf,X450A113F4MJ,15.0,18.0,0.0,17.0,17.0,5274.0,0.0,31.0,0.0,0.0,7094.0,16.0,32.0,0.0,0.0
2025-08-21,/dev/sdf,X450A113F4MJ,15.0,18.0,0.0,17.0,17.0,5290.0,0.0,31.0,0.0,0.0,7094.0,16.0,32.0,0.0,0.0
2025-08-22,/dev/sdf,X450A113F4MJ,15.0,18.0,0.0,17.0,17.0,5321.0,0.0,31.0,0.0,0.0,7094.0,16.0,32.0,0.0,0.0
2025-08-23,/dev/sdf,X450A113F4MJ,15.0,18.0,0.0,17.0,17.0,5352.0,0.0,31.0,0.0,0.0,7094.0,16.0,32.0,0.0,0.0
2025-08-24,/dev/sdf,X450A113F4MJ,15.0,18.0,0.0,17.0,17.0,5368.0,0.0,31.0,0.0,0.0,7094.0,16.0,32.0,0.0,0.0
2025-08-25,/dev/sdf,X450A113F4MJ,2.0,18.0,0.0,17.0,17.0,5399.0,0.0,31.0,0.0,0.0,7094.0,16.0,32.0,0.0,0.0
2025-08-26,/dev/sdf,X450A113F4MJ,2.0,19.0,0.0,17.0,17.0,5415.0,0.0,31.0,0.0,0.0,7094.0,16.0,32.0,0.0,0.0
2025-08-27,/dev/sdf,X450A113F4MJ,13.0,24.0,0.0,17.0,17.0,5446.0,0.0,31.0,0.0,0.0,7094.0,16.0,32.0,0.0,0.0
2025-08-28,/dev/sdf,X450A113F4MJ,15.0,28.0,0.0,17.0,17.0,5461.0,0.0,31.0,0.0,0.0,7094.0,16.0,32.0,0.0,0.0
2025-08-29,/dev/sdf,X450A113F4MJ,15.0,28.0,0.0,17.0,17.0,5477.0,0.0,31.0,0.0,0.0,7094.0,16.0,31.0,0.0,0.0
2025-08-30,/dev/sdf,X450A113F4MJ,15.0,28.0,0.0,17.0,17.0,5508.0,0.0,31.0,0.0,0.0,7094.0,16.0,32.0,0.0,0.0
2025-08-31,/dev/sdf,X450A113F4MJ,22.0,33.0,0.0,17.0,17.0,5539.0,0.0,31.0,0.0,0.0,7094.0,16.0,32.0,0.0,0.0
2025-09-01,/dev/sdf,X450A113F4MJ,23.0,36.0,0.0,17.0,17.0,5554.0,0.0,31.0,0.0,0.0,7094.0,16.0,32.0,0.0,0.0
2025-09-02,/dev/sdf,X450A113F4MJ,24.0,36.0,0.0,17.0,17.0,5585.0,0.0,31.0,0.0,0.0,7094.0,16.0,32.0,0.0,0.0
2025-09-03,/dev/sdf,X450A113F4MJ,29.0,43.0,0.0,17.0,17.0,5601.0,0.0,31.0,0.0,0.0,7094.0,16.0,31.0,0.0,0.0
2025-09-04,/dev/sdf,X450A113F4MJ,28.0,45.0,0.0,17.0,17.0,5632.0,0.0,31.0,0.0,0.0,7094.0,16.0,31.0,0.0,0.0
2025-09-05,/dev/sdf,X450A113F4MJ,28.0,45.0,0.0,17.0,17.0,5647.0,0.0,31.0,0.0,0.0,7094.0,16.0,32.0,0.0,0.0
2025-09-06,/dev/sdf,X450A113F4MJ,36.0,57.0,0.0,17.0,17.0,5678.0,0.0,31.0,0.0,0.0,7094.0,16.0,32.0,0.0,0.0
2025-09-07,/dev/sdf,X450A113F4MJ,42.0,66.0,0.0,17.0,17.0,5709.0,0.0,31.0,0.0,0.0,7094.0,16.0,32.0,0.0,0.0
2025-09-08,/dev/sdf,X450A113F4MJ,39.0,70.0,0.0,17.0,17.0,5725.0,0.0,31.0,0.0,0.0,7094.0,16.0,31.0,0.0,0.0
2025-09-11,/dev/sdf,X450A113F4MJ,208.0,107.0,0.0,17.0,17.0,5796.0,0.0,31.0,0.0,0.0,7094.0,16.0,32.0,0.0,0.0
