date,serial_number,model,failure,smart_197_raw,smart_5_raw,smart_198_raw,smart_4_raw,smart_12_raw,smart_9_raw,smart_240_raw,smart_193_raw,smart_1_raw,smart_7_raw,smart_3_raw,smart_192_raw,smart_194_raw,smart_199_raw,smart_10_raw
2026-03-02,74H0A0LWF4MJ,TOSHIBA MG10ACA20TE,0,0.0,0.0,0.0,17.0,17.0,11366.0,0.0,27.0,0.0,0.0,9704.0,16.0,26.0,0.0,0.0
2026-03-03,74H0A0LWF4MJ,TOSHIBA MG10ACA20TE,0,0.0,0.0,0.0,17.0,17.0,11396.0,0.0,27.0,0.0,0.0,9704.0,16.0,27.0,0.0,0.0
2026-03-04,74H0A0LWF4MJ,TOSHIBA MG10ACA20TE,0,0.0,0.0,0.0,17.0,17.0,11412.0,0.0,27.0,0.0,0.0,9704.0,16.0,26.0,0.0,0.0
2026-03-05,74H0A0LWF4MJ,TOSHIBA MG10ACA20TE,0,0.0,0.0,0.0,17.0,17.0,11442.0,0.0,27.0,0.0,0.0,9704.0,16.0,26.0,0.0,0.0
2026-03-06,74H0A0LWF4MJ,TOSHIBA MG10ACA20TE,0,0.0,0.0,0.0,17.0,17.0,11457.0,0.0,27.0,0.0,0.0,9704.0,16.0,26.0,0.0,0.0
2026-03-07,74H0A0LWF4MJ,TOSHIBA MG10ACA20TE,0,0.0,0.0,0.0,17.0,17.0,11488.0,0.0,27.0,0.0,0.0,9704.0,16.0,26.0,0.0,0.0
2026-03-08,74H0A0LWF4MJ,TOSHIBA MG10ACA20TE,0,0.0,0.0,0.0,17.0,17.0,11503.0,0.0,27.0,0.0,0.0,9704.0,16.0,26.0,0.0,0.0
2026-03-09,74H0A0LWF4MJ,TOSHIBA MG10ACA20TE,0,0.0,0.0,0.0,17.0,17.0,11534.0,0.0,27.0,0.0,0.0,9704.0,16.0,26.0,0.0,0.0
2026-03-10,74H0A0LWF4MJ,TOSHIBA MG10ACA20TE,0,0.0,0.0,0.0,17.0,17.0,11565.0,0.0,27.0,0.0,0.0,9704.0,16.0,26.0,0.0,0.0
2026-03-11,74H0A0LWF4MJ,TOSHIBA MG10ACA20TE,0,0.0,0.0,0.0,17.0,17.0,11580.0,0.0,27.0,0.0,0.0,9704.0,16.0,26.0,0.0,0.0
2026-03-12,74H0A0LWF4MJ,TOSHIBA MG10ACA20TE,0,0.0,0.0,0.0,17.0,17.0,11611.0,0.0,27.0,0.0,0.0,9704.0,16.0,26.0,0.0,0.0
2026-03-13,74H0A0LWF4MJ,TOSHIBA MG10ACA20TE,0,0.0,0.0,0.0,17.0,17.0,11626.0,0.0,27.0,0.0,0.0,9704.0,16.0,27.0,0.0,0.0
2026-03-14,74H0A0LWF4MJ,TOSHIBA MG10ACA20TE,0,0.0,0.0,0.0,17.0,17.0,11657.0,0.0,27.0,0.0,0.0,9704.0,16.0,26.0,0.0,0.0
2026-03-15,74H0A0LWF4MJ,TOSHIBA MG10ACA20TE,0,0.0,0.0,0.0,17.0,17.0,11672.0,0.0,27.0,0.0,0.0,9704.0,16.0,26.0,0.0,0.0
2026-03-16,74H0A0LWF4MJ,TOSHIBA MG10ACA20TE,0,0.0,0.0,0.0,17.0,17.0,11703.0,0.0,27.0,0.0,0.0,9704.0,16.0,26.0,0.0,0.0
2026-03-17,74H0A0LWF4MJ,TOSHIBA MG10ACA20TE,0,0.0,0.0,0.0,17.0,17.0,11718.0,0.0,27.0,0.0,0.0,9704.0,16.0,26.0,0.0,0.0
2026-03-18,74H0A0LWF4MJ,TOSHIBA MG10ACA20TE,0,0.0,0.0,0.0,17.0,17.0,11749.0,0.0,27.0,0.0,0.0,9704.0,16.0,26.0,0.0,0.0
2026-03-19,74H0A0LWF4MJ,TOSHIBA MG10ACA20TE,0,0.0,0.0,0.0,17.0,17.0,11780.0,0.0,27.0,0.0,0.0,9704.0,16.0,26.0,0.0,0.0
2026-03-20,74H0A0LWF4MJ,TOSHIBA MG10ACA20TE,0,0.0,0.0,0.0,17.0,17.0,11795.0,0.0,27.0,0.0,0.0,9704.0,16.0,27.0,0.0,0.0
2026-03-21,74H0A0LWF4MJ,TOSHIBA MG10ACA20TE,0,0.0,0.0,0.0,17.0,17.0,11826.0,0.0,27.0,0.0,0.0,9704.0,16.0,26.0,0.0,0.0
2026-03-22,74H0A0LWF4MJ,TOSHIBA MG10ACA20TE,0,0.0,0.0,0.0,17.0,17.0,11842.0,0.0,27.0,0.0,0.0,9704.0,16.0,26.0,0.0,0.0
2026-03-23,74H0A0LWF4MJ,TOSHIBA MG10ACA20TE,0,0.0,0.0,0.0,17.0,17.0,11873.0,0.0,27.0,0.0,0.0,9704.0,16.0,26.0,0.0,0.0
2026-03-24,74H0A0LWF4MJ,TOSHIBA MG10ACA20TE,0,0.0,0.0,0.0,17.0,17.0,11888.0,0.0,27.0,0.0,0.0,9704.0,16.0,26.0,0.0,0.0
2026-03-25,74H0A0LWF4MJ,TOSHIBA MG10ACA20TE,0,0.0,0.0,0.0,17.0,17.0,11919.0,0.0,27.0,0.0,0.0,9704.0,16.0,26.0,0.0,0.0
2026-03-26,74H0A0LWF4MJ,TOSHIBA MG10ACA20TE,0,0.0,0.0,0.0,17.0,17.0,11950.0,0.0,27.0,0.0,0.0,9704.0,16.0,26.0,0.0,0.0
2026-03-27,74H0A0LWF4MJ,TOSHIBA MG10ACA20TE,0,0.0,0.0,0.0,17.0,17.0,11965.0,0.0,27.0,0.0,0.0,9704.0,16.0,27.0,0.0,0.0
2026-03-28,74H0A0LWF4MJ,TOSHIBA MG10ACA20TE,0,0.0,0.0,0.0,17.0,17.0,11996.0,0.0,27.0,0.0,0.0,9704.0,16.0,26.0,0.0,0.0
2026-03-29,74H0A0LWF4MJ,TOSHIBA MG10ACA20TE,0,0.0,0.0,0.0,17.0,17.0,12027.0,0.0,27.0,0.0,0.0,9704.0,16.0,26.0,0.0,0.0
2026-03-30,74H0A0LWF4MJ,TOSHIBA MG10ACA20TE,0,0.0,0.0,0.0,17.0,17.0,12042.0,0.0,27.0,0.0,0.0,9704.0,16.0,26.0,0.0,0.0
2026-03-31,74H0A0LWF4MJ,TOSHIBA MG10ACA20TE,0,0.0,0.0,0.0,17.0,17.0,12073.0,0.0,27.0,0.0,0.0,9704.0,16.0,26.0,0.0,0.0
