timestamp,serial,smart_5_raw,smart_9_raw,smart_194_raw,smart_197_raw,smart_198_raw,smart_199_raw
2024-02-23,8180A06LFVKG,0.0,16.0,25.0,0.0,0.0,0.0
2024-02-24,8180A06LFVKG,0.0,48.0,26.0,0.0,0.0,0.0
2024-02-25,8180A06LFVKG,0.0,64.0,25.0,0.0,0.0,0.0
2024-02-26,8180A06LFVKG,0.0,96.0,25.0,0.0,0.0,0.0
2024-02-27,8180A06LFVKG,0.0,112.0,25.0,0.0,0.0,0.0
2024-02-28,8180A06LFVKG,0.0,144.0,25.0,0.0,0.0,0.0
2024-02-29,8180A06LFVKG,0.0,160.0,25.0,0.0,0.0,0.0
2024-03-01,8180A06LFVKG,0.0,192.0,26.0,0.0,0.0,0.0
2024-03-02,8180A06LFVKG,0.0,208.0,25.0,0.0,0.0,0.0
2024-03-03,8180A06LFVKG,0.0,240.0,26.0,0.0,0.0,0.0
2024-03-04,8180A06LFVKG,0.0,256.0,26.0,0.0,0.0,0.0
2024-03-05,8180A06LFVKG,0.0,288.0,26.0,0.0,0.0,0.0
2024-03-06,8180A06LFVKG,0.0,304.0,26.0,0.0,0.0,0.0
2024-03-07,8180A06LFVKG,0.0,320.0,26.0,0.0,0.0,0.0
2024-03-08,8180A06LFVKG,0.0,352.0,26.0,0.0,0.0,0.0
2024-03-09,8180A06LFVKG,0.0,368.0,26.0,0.0,0.0,0.0
2024-03-10,8180A06LFVKG,0.0,400.0,26.0,0.0,0.0,0.0
2024-03-11,8180A06LFVKG,0.0,416.0,26.0,0.0,0.0,0.0
2024-03-12,8180A06LFVKG,0.0,447.0,26.0,0.0,0.0,0.0
2024-03-13,8180A06LFVKG,0.0,463.0,26.0,0.0,0.0,0.0
2024-03-14,8180A06LFVKG,0.0,495.0,27.0,0.0,0.0,0.0
2024-03-15,8180A06LFVKG,0.0,527.0,26.0,1.0,0.0,0.0
2024-03-16,8180A06LFVKG,0.0,543.0,26.0,1.0,0.0,0.0
2024-03-17,8180A06LFVKG,0.0,575.0,26.0,1.0,0.0,0.0
2024-03-18,8180A06LFVKG,0.0,591.0,26.0,1.0,0.0,0.0
2024-03-19,8180A06LFVKG,0.0,623.0,26.0,1.0,0.0,0.0
2024-03-20,8180A06LFVKG,0.0,639.0,26.0,1.0,0.0,0.0
2024-03-24,8180A06LFVKG,0.0,740.0,25.0,1.0,0.0,0.0
2024-03-25,8180A06LFVKG,0.0,771.0,27.0,35.0,0.0,0.0
2024-03-26,8180A06LFVKG,0.0,787.0,26.0,38.0,38.0,0.0
2025-06-25,X8G0A026F97G,0.0,49390.0,39.0,2.0,0.0,0.0
2025-06-26,X8G0A026F97G,0.0,49422.0,38.0,1.0,0.0,0.0
2025-06-27,X8G0A026F97G,0.0,49438.0,38.0,1.0,0.0,0.0
2025-06-28,X8G0A026F97G,0.0,49470.0,37.0,2.0,0.0,0.0
2025-06-29,X8G0A026F97G,0.0,49486.0,38.0,2.0,0.0,0.0
2025-06-30,X8G0A026F97G,0.0,49517.0,38.0,2.0,0.0,0.0
2025-07-01,X8G0A026F97G,0.0,49533.0,39.0,1.0,0.0,0.0
2025-07-02,X8G0A026F97G,0.0,49565.0,38.0,1.0,0.0,0.0
2025-07-03,X8G0A026F97G,0.0,49581.0,39.0,1.0,0.0,0.0
2025-07-04,X8G0A026F97G,0.0,49613.0,37.0,1.0,0.0,0.0
2025-07-05,X8G0A026F97G,0.0,49629.0,38.0,1.0,0.0,0.0
2025-07-06,X8G0A026F97G,4.0,49654.0,35.0,5.0,0.0,0.0
2025-07-07,X8G0A026F97G,11.0,49688.0,37.0,7.0,61.0,0.0
2025-07-08,X8G0A026F97G,11.0,49704.0,38.0,0.0,61.0,0.0
2025-07-09,X8G0A026F97G,11.0,49734.0,36.0,4.0,61.0,0.0
2025-07-10,X8G0A026F97G,11.0,49765.0,35.0,4.0,115.0,0.0
2025-07-11,X8G0A026F97G,11.0,49781.0,34.0,4.0,115.0,0.0
2025-07-12,X8G0A026F97G,11.0,49813.0,35.0,4.0,115.0,0.0
2025-07-13,X8G0A026F97G,11.0,49829.0,35.0,4.0,115.0,0.0
2025-07-14,X8G0A026F97G,11.0,49860.0,35.0,4.0,115.0,0.0
2025-07-15,X8G0A026F97G,11.0,49876.0,35.0,4.0,115.0,0.0
2025-07-16,X8G0A026F97G,11.0,49907.0,35.0,4.0,115.0,0.0
2025-07-17,X8G0A026F97G,11.0,49922.0,34.0,4.0,115.0,0.0
2025-07-18,X8G0A026F97G,11.0,49953.0,35.0,4.0,115.0,0.0
2025-07-19,X8G0A026F97G,11.0,49985.0,35.0,4.0,115.0,0.0
2025-07-20,X8G0A026F97G,11.0,50000.0,35.0,4.0,115.0,0.0
2025-07-21,X8G0A026F97G,11.0,50031.0,38.0,2.0,115.0,0.0
2025-07-22,X8G0A026F97G,11.0,50047.0,37.0,2.0,115.0,0.0
2025-07-23,X8G0A026F97G,11.0,50078.0,36.0,2.0,110.0,0.0
2025-07-24,X8G0A026F97G,11.0,50093.0,35.0,2.0,110.0,0.0
2025-04-19,88X0A077F97G,3.0,57361.0,35.0,1.0,0.0,0.0
2025-04-20,88X0A077F97G,3.0,57377.0,35.0,1.0,0.0,0.0
2025-04-21,88X0A077F97G,3.0,57409.0,37.0,1.0,0.0,0.0
2025-04-22,88X0A077F97G,3.0,57425.0,36.0,1.0,0.0,0.0
2025-04-23,88X0A077F97G,4.0,57441.0,37.0,1.0,0.0,0.0
2025-04-25,88X0A077F97G,6.0,57480.0,36.0,0.0,0.0,0.0
2025-04-28,88X0A077F97G,8.0,57575.0,34.0,1.0,0.0,0.0
2025-04-29,88X0A077F97G,8.0,57607.0,34.0,1.0,0.0,0.0
2025-04-30,88X0A077F97G,8.0,57623.0,35.0,1.0,0.0,0.0
2025-05-01,88X0A077F97G,8.0,57638.0,35.0,1.0,0.0,0.0
2025-05-02,88X0A077F97G,8.0,57670.0,35.0,1.0,0.0,0.0
2025-05-03,88X0A077F97G,8.0,57685.0,35.0,1.0,0.0,0.0
2025-05-04,88X0A077F97G,9.0,57717.0,35.0,1.0,0.0,0.0
2025-05-05,88X0A077F97G,9.0,57733.0,36.0,1.0,0.0,0.0
2025-05-06,88X0A077F97G,9.0,57764.0,37.0,1.0,0.0,0.0
2025-05-07,88X0A077F97G,9.0,57796.0,37.0,1.0,0.0,0.0
2025-05-08,88X0A077F97G,9.0,57811.0,37.0,1.0,0.0,0.0
2025-05-09,88X0A077F97G,9.0,57843.0,37.0,1.0,0.0,0.0
2025-05-10,88X0A077F97G,9.0,57859.0,36.0,1.0,0.0,0.0
2025-05-11,88X0A077F97G,10.0,57890.0,38.0,1.0,0.0,0.0
2025-05-13,88X0A077F97G,13.0,57938.0,38.0,0.0,0.0,0.0
2025-05-14,88X0A077F97G,13.0,57954.0,37.0,0.0,0.0,0.0
2025-05-15,88X0A077F97G,13.0,57985.0,38.0,0.0,0.0,0.0
2025-05-16,88X0A077F97G,15.0,58001.0,37.0,0.0,0.0,0.0
2025-05-17,88X0A077F97G,15.0,58032.0,36.0,0.0,0.0,0.0
2025-05-19,88X0A077F97G,16.0,58076.0,33.0,2.0,0.0,0.0
2025-05-20,88X0A077F97G,16.0,58108.0,34.0,2.0,0.0,0.0
2025-05-21,88X0A077F97G,16.0,58123.0,33.0,2.0,0.0,0.0
2025-05-22,88X0A077F97G,16.0,58155.0,34.0,2.0,0.0,0.0
2025-05-23,88X0A077F97G,16.0,58171.0,34.0,2.0,0.0,0.0
2025-01-06,X8A0A004F97G,0.0,45321.0,32.0,0.0,0.0,0.0
2025-01-07,X8A0A004F97G,0.0,45353.0,32.0,0.0,0.0,0.0
2025-01-08,X8A0A004F97G,0.0,45384.0,32.0,0.0,0.0,0.0
2025-01-09,X8A0A004F97G,0.0,45400.0,32.0,0.0,0.0,0.0
2025-01-10,X8A0A004F97G,0.0,45432.0,33.0,0.0,0.0,0.0
2025-01-11,X8A0A004F97G,0.0,45447.0,32.0,0.0,0.0,0.0
2025-01-12,X8A0A004F97G,0.0,45479.0,33.0,0.0,0.0,0.0
2025-01-13,X8A0A004F97G,0.0,45495.0,32.0,0.0,0.0,0.0
2025-01-14,X8A0A004F97G,0.0,45526.0,32.0,0.0,0.0,0.0
2025-01-15,X8A0A004F97G,0.0,45542.0,32.0,0.0,0.0,0.0
2025-01-16,X8A0A004F97G,0.0,45574.0,32.0,0.0,0.0,0.0
2025-01-17,X8A0A004F97G,0.0,45590.0,32.0,0.0,0.0,0.0
2025-01-18,X8A0A004F97G,0.0,45621.0,33.0,0.0,0.0,0.0
2025-01-19,X8A0A004F97G,0.0,45637.0,33.0,0.0,0.0,0.0
2025-01-20,X8A0A004F97G,0.0,45668.0,33.0,0.0,0.0,0.0
2025-01-21,X8A0A004F97G,0.0,45684.0,33.0,0.0,0.0,0.0
2025-01-22,X8A0A004F97G,0.0,45716.0,33.0,0.0,0.0,0.0
2025-01-23,X8A0A004F97G,0.0,45732.0,33.0,0.0,0.0,0.0
2025-01-24,X8A0A004F97G,0.0,45763.0,32.0,0.0,0.0,0.0
2025-01-25,X8A0A004F97G,0.0,45795.0,33.0,0.0,0.0,0.0
2025-01-26,X8A0A004F97G,0.0,45811.0,33.0,0.0,0.0,0.0
2025-01-27,X8A0A004F97G,0.0,45827.0,33.0,0.0,0.0,0.0
2025-01-28,X8A0A004F97G,0.0,45858.0,33.0,0.0,0.0,0.0
2025-01-29,X8A0A004F97G,0.0,45874.0,33.0,0.0,0.0,0.0
2025-01-30,X8A0A004F97G,0.0,45907.0,32.0,1.0,0.0,0.0
2025-01-31,X8A0A004F97G,0.0,45939.0,31.0,2.0,0.0,0.0
2025-02-01,X8A0A004F97G,0.0,45955.0,31.0,2.0,0.0,0.0
2025-02-02,X8A0A004F97G,0.0,45971.0,32.0,2.0,0.0,0.0
2025-02-03,X8A0A004F97G,0.0,46002.0,30.0,2.0,2.0,0.0
2025-02-04,X8A0A004F97G,0.0,46018.0,29.0,2.0,2.0,0.0
2025-08-20,44F0B01NV4MJ,0.0,9628.0,42.0,0.0,0.0,0.0
2025-08-21,44F0B01NV4MJ,0.0,9658.0,41.0,0.0,0.0,0.0
2025-08-22,44F0B01NV4MJ,0.0,9674.0,41.0,0.0,0.0,0.0
2025-08-23,44F0B01NV4MJ,0.0,9704.0,41.0,0.0,0.0,0.0
2025-08-24,44F0B01NV4MJ,0.0,9720.0,40.0,0.0,0.0,0.0
2025-08-25,44F0B01NV4MJ,0.0,9751.0,41.0,0.0,0.0,0.0
2025-08-26,44F0B01NV4MJ,0.0,9766.0,40.0,0.0,0.0,0.0
2025-08-27,44F0B01NV4MJ,0.0,9797.0,41.0,0.0,0.0,0.0
2025-08-28,44F0B01NV4MJ,0.0,9812.0,40.0,0.0,0.0,0.0
2025-08-29,44F0B01NV4MJ,0.0,9843.0,40.0,0.0,0.0,0.0
2025-08-30,44F0B01NV4MJ,0.0,9858.0,40.0,0.0,0.0,0.0
2025-08-31,44F0B01NV4MJ,0.0,9889.0,40.0,0.0,0.0,0.0
2025-09-01,44F0B01NV4MJ,0.0,9904.0,41.0,0.0,0.0,0.0
2025-09-02,44F0B01NV4MJ,0.0,9935.0,41.0,0.0,0.0,0.0
2025-09-03,44F0B01NV4MJ,0.0,9966.0,41.0,0.0,0.0,0.0
2025-09-04,44F0B01NV4MJ,0.0,9981.0,40.0,0.0,0.0,0.0
2025-09-05,44F0B01NV4MJ,0.0,10012.0,40.0,0.0,0.0,0.0
2025-09-06,44F0B01NV4MJ,27.0,10027.0,40.0,0.0,0.0,0.0
2025-09-07,44F0B01NV4MJ,34.0,10058.0,40.0,0.0,0.0,0.0
2025-09-08,44F0B01NV4MJ,71.0,10073.0,40.0,0.0,0.0,0.0
2025-09-09,44F0B01NV4MJ,496.0,10104.0,41.0,0.0,0.0,0.0
2025-09-10,44F0B01NV4MJ,537.0,10120.0,42.0,0.0,0.0,0.0
2025-09-11,44F0B01NV4MJ,570.0,10150.0,41.0,0.0,0.0,0.0
2025-09-12,44F0B01NV4MJ,631.0,10181.0,40.0,0.0,0.0,0.0
2025-09-13,44F0B01NV4MJ,769.0,10196.0,40.0,0.0,0.0,0.0
2025-09-14,44F0B01NV4MJ,10000.0,10227.0,40.0,0.0,0.0,0.0
2025-09-15,44F0B01NV4MJ,10000.0,10242.0,40.0,0.0,0.0,0.0
2025-09-16,44F0B01NV4MJ,10000.0,10273.0,40.0,0.0,0.0,0.0
2025-09-17,44F0B01NV4MJ,10000.0,10289.0,40.0,0.0,0.0,0.0
2025-09-18,44F0B01NV4MJ,10000.0,10304.0,41.0,0.0,0.0,0.0
2025-08-11,X450A113F4MJ,18.0,5057.0,32.0,16.0,0.0,0.0
2025-08-12,X450A113F4MJ,18.0,5072.0,31.0,16.0,0.0,0.0
2025-08-13,X450A113F4MJ,18.0,5104.0,32.0,16.0,0.0,0.0
2025-08-14,X450A113F4MJ,18.0,5119.0,31.0,15.0,0.0,0.0
2025-08-15,X450A113F4MJ,18.0,5150.0,31.0,15.0,0.0,0.0
2025-08-16,X450A113F4MJ,18.0,5181.0,33.0,15.0,0.0,0.0
2025-08-17,X450A113F4MJ,18.0,5197.0,31.0,15.0,0.0,0.0
2025-08-18,X450A113F4MJ,18.0,5228.0,32.0,15.0,0.0,0.0
2025-08-19,X450A113F4MJ,18.0,5243.0,31.0,15.0,0.0,0.0
2025-08-20,X450A113F4MJ,18.0,5274.0,32.0,15.0,0.0,0.0
2025-08-21,X450A113F4MJ,18.0,5290.0,32.0,15.0,0.0,0.0
2025-08-22,X450A113F4MJ,18.0,5321.0,32.0,15.0,0.0,0.0
2025-08-23,X450A113F4MJ,18.0,5352.0,32.0,15.0,0.0,0.0
2025-08-24,X450A113F4MJ,18.0,5368.0,32.0,15.0,0.0,0.0
2025-08-25,X450A113F4MJ,18.0,5399.0,32.0,2.0,0.0,0.0
2025-08-26,X450A113F4MJ,19.0,5415.0,32.0,2.0,0.0,0.0
2025-08-27,X450A113F4MJ,24.0,5446.0,32.0,13.0,0.0,0.0
2025-08-28,X450A113F4MJ,28.0,5461.0,32.0,15.0,0.0,0.0
2025-08-29,X450A113F4MJ,28.0,5477.0,31.0,15.0,0.0,0.0
2025-08-30,X450A113F4MJ,28.0,5508.0,32.0,15.0,0.0,0.0
2025-08-31,X450A113F4MJ,33.0,5539.0,32.0,22.0,0.0,0.0
2025-09-01,X450A113F4MJ,36.0,5554.0,32.0,23.0,0.0,0.0
2025-09-02,X450A113F4MJ,36.0,5585.0,32.0,24.0,0.0,0.0
2025-09-03,X450A113F4MJ,43.0,5601.0,31.0,29.0,0.0,0.0
2025-09-04,X450A113F4MJ,45.0,5632.0,31.0,28.0,0.0,0.0
2025-09-05,X450A113F4MJ,45.0,5647.0,32.0,28.0,0.0,0.0
2025-09-06,X450A113F4MJ,57.0,5678.0,32.0,36.0,0.0,0.0
2025-09-07,X450A113F4MJ,66.0,5709.0,32.0,42.0,0.0,0.0
2025-09-08,X450A113F4MJ,70.0,5725.0,31.0,39.0,0.0,0.0
2025-09-11,X450A113F4MJ,107.0,5796.0,32.0,208.0,0.0,0.0
2025-09-01,22D0A0L4FV8G,0.0,26491.0,36.0,,0.0,0.0
2025-09-02,22D0A0L4FV8G,0.0,26518.0,36.0,,0.0,0.0
2025-09-03,22D0A0L4FV8G,0.0,26539.0,36.0,,0.0,0.0
2025-09-04,22D0A0L4FV8G,0.0,26567.0,36.0,,0.0,0.0
2025-09-05,22D0A0L4FV8G,0.0,26588.0,36.0,,0.0,0.0
2025-09-06,22D0A0L4FV8G,0.0,26609.0,36.0,,0.0,0.0
2025-09-07,22D0A0L4FV8G,0.0,26636.0,37.0,,0.0,0.0
2025-09-08,22D0A0L4FV8G,0.0,26657.0,36.0,,0.0,0.0
2025-09-09,22D0A0L4FV8G,0.0,26685.0,36.0,,0.0,0.0
2025-09-10,22D0A0L4FV8G,0.0,26712.0,37.0,,0.0,0.0
2025-09-11,22D0A0L4FV8G,0.0,26733.0,36.0,,0.0,0.0
2025-09-12,22D0A0L4FV8G,0.0,26761.0,37.0,,0.0,0.0
2025-09-13,22D0A0L4FV8G,0.0,26782.0,36.0,,0.0,0.0
2025-09-14,22D0A0L4FV8G,0.0,26802.0,36.0,,0.0,0.0
2025-09-15,22D0A0L4FV8G,0.0,26830.0,36.0,,0.0,0.0
2025-09-16,22D0A0L4FV8G,0.0,26851.0,36.0,,0.0,0.0
2025-09-17,22D0A0L4FV8G,0.0,26878.0,36.0,,0.0,0.0
2025-09-18,22D0A0L4FV8G,0.0,26899.0,36.0,,0.0,0.0
2025-09-19,22D0A0L4FV8G,0.0,26927.0,37.0,,0.0,0.0
2025-09-20,22D0A0L4FV8G,0.0,26948.0,37.0,,0.0,0.0
2025-09-21,22D0A0L4FV8G,0.0,26976.0,36.0,,0.0,0.0
2025-09-22,22D0A0L4FV8G,0.0,26997.0,36.0,,0.0,0.0
2025-09-23,22D0A0L4FV8G,0.0,27017.0,36.0,,0.0,0.0
2025-09-24,22D0A0L4FV8G,0.0,27045.0,36.0,,0.0,0.0
2025-09-25,22D0A0L4FV8G,0.0,27073.0,36.0,,0.0,0.0
2025-09-26,22D0A0L4FV8G,0.0,27093.0,36.0,,0.0,0.0
2025-09-27,22D0A0L4FV8G,0.0,27121.0,37.0,,0.0,0.0
2025-09-28,22D0A0L4FV8G,0.0,27142.0,36.0,,0.0,0.0
2025-09-29,22D0A0L4FV8G,0.0,27170.0,36.0,,0.0,0.0
2025-09-30,22D0A0L4FV8G,0.0,27177.0,36.0,,0.0,0.0
2025-07-27,X880A0DHF97G,6.0,50166.0,41.0,1.0,0.0,0.0
2025-07-28,X880A0DHF97G,6.0,50198.0,41.0,2.0,0.0,0.0
2025-07-29,X880A0DHF97G,7.0,50213.0,42.0,1.0,0.0,0.0
2025-07-30,X880A0DHF97G,7.0,50245.0,41.0,1.0,0.0,0.0
2025-07-31,X880A0DHF97G,7.0,50261.0,40.0,1.0,0.0,0.0
2025-08-01,X880A0DHF97G,8.0,50292.0,40.0,1.0,0.0,0.0
2025-08-02,X880A0DHF97G,8.0,50308.0,40.0,1.0,0.0,0.0
2025-08-03,X880A0DHF97G,8.0,50340.0,40.0,1.0,0.0,0.0
2025-08-04,X880A0DHF97G,8.0,50356.0,40.0,1.0,0.0,0.0
2025-08-05,X880A0DHF97G,8.0,50388.0,39.0,2.0,0.0,0.0
2025-08-06,X880A0DHF97G,8.0,50419.0,39.0,2.0,0.0,0.0
2025-08-07,X880A0DHF97G,8.0,50435.0,39.0,2.0,0.0,0.0
2025-08-08,X880A0DHF97G,8.0,50451.0,38.0,2.0,0.0,0.0
2025-08-09,X880A0DHF97G,8.0,50483.0,39.0,0.0,0.0,0.0
2025-08-10,X880A0DHF97G,8.0,50498.0,39.0,0.0,0.0,0.0
2025-08-11,X880A0DHF97G,8.0,50530.0,38.0,0.0,0.0,0.0
2025-08-12,X880A0DHF97G,8.0,50546.0,38.0,32.0,0.0,0.0
2025-08-13,X880A0DHF97G,9.0,50578.0,39.0,16.0,0.0,0.0
2025-08-14,X880A0DHF97G,9.0,50610.0,39.0,1.0,0.0,0.0
2025-08-15,X880A0DHF97G,9.0,50626.0,39.0,1.0,0.0,0.0
2025-08-16,X880A0DHF97G,9.0,50657.0,40.0,1.0,0.0,0.0
2025-08-17,X880A0DHF97G,9.0,50673.0,40.0,1.0,0.0,0.0
2025-08-18,X880A0DHF97G,12.0,50705.0,39.0,1.0,0.0,0.0
2025-08-19,X880A0DHF97G,12.0,50721.0,40.0,1.0,0.0,0.0
2025-08-20,X880A0DHF97G,12.0,50752.0,39.0,1.0,0.0,0.0
2025-08-21,X880A0DHF97G,12.0,50768.0,39.0,1.0,0.0,0.0
2025-09-06,X880A0DHF97G,12.0,50783.0,39.0,2.0,0.0,0.0
2025-09-07,X880A0DHF97G,12.0,50815.0,39.0,1.0,0.0,0.0
2025-09-08,X880A0DHF97G,12.0,50831.0,39.0,1.0,0.0,0.0
2025-09-09,X880A0DHF97G,12.0,50847.0,39.0,0.0,0.0,0.0
2024-01-12,X880A0DGF97G,0.0,36677.0,38.0,0.0,0.0,0.0
2024-01-13,X880A0DGF97G,0.0,36709.0,37.0,0.0,0.0,0.0
2024-01-14,X880A0DGF97G,0.0,36724.0,38.0,0.0,0.0,0.0
2024-01-15,X880A0DGF97G,0.0,36756.0,37.0,0.0,0.0,0.0
2024-01-16,X880A0DGF97G,0.0,36772.0,38.0,0.0,0.0,0.0
2024-01-17,X880A0DGF97G,0.0,36804.0,38.0,0.0,0.0,0.0
2024-01-18,X880A0DGF97G,0.0,36819.0,38.0,0.0,0.0,0.0
2024-01-19,X880A0DGF97G,0.0,36851.0,37.0,0.0,0.0,0.0
2024-01-20,X880A0DGF97G,0.0,36867.0,38.0,0.0,0.0,0.0
2024-01-21,X880A0DGF97G,0.0,36899.0,37.0,0.0,0.0,0.0
2024-01-22,X880A0DGF97G,0.0,36914.0,38.0,0.0,0.0,0.0
2024-01-23,X880A0DGF97G,0.0,36946.0,38.0,0.0,0.0,0.0
2024-01-24,X880A0DGF97G,0.0,36978.0,38.0,0.0,0.0,0.0
2024-01-25,X880A0DGF97G,0.0,36994.0,38.0,0.0,0.0,0.0
2024-01-28,X880A0DGF97G,0.0,37068.0,37.0,1.0,0.0,0.0
2024-01-29,X880A0DGF97G,0.0,37099.0,37.0,2.0,0.0,0.0
2024-01-30,X880A0DGF97G,0.0,37115.0,36.0,2.0,0.0,0.0
2024-01-31,X880A0DGF97G,0.0,37147.0,37.0,2.0,0.0,0.0
2024-02-01,X880A0DGF97G,0.0,37163.0,37.0,0.0,0.0,0.0
2024-02-02,X880A0DGF97G,0.0,37182.0,38.0,0.0,0.0,0.0
2024-02-03,X880A0DGF97G,0.0,37214.0,37.0,0.0,0.0,0.0
2024-02-04,X880A0DGF97G,0.0,37246.0,37.0,1.0,0.0,0.0
2024-02-05,X880A0DGF97G,0.0,37262.0,38.0,2.0,0.0,0.0
2024-02-06,X880A0DGF97G,0.0,37294.0,37.0,3.0,0.0,0.0
2024-02-07,X880A0DGF97G,0.0,37309.0,38.0,3.0,0.0,0.0
2024-02-08,X880A0DGF97G,0.0,37325.0,37.0,3.0,0.0,0.0
2024-02-09,X880A0DGF97G,0.0,37357.0,37.0,2.0,0.0,0.0
2024-02-10,X880A0DGF97G,0.0,37389.0,37.0,1.0,0.0,0.0
2024-02-11,X880A0DGF97G,0.0,37406.0,37.0,1.0,0.0,0.0
2024-02-12,X880A0DGF97G,0.0,37422.0,36.0,1.0,0.0,0.0
2024-06-12,98N0A015F97G,0.0,40341.0,34.0,0.0,0.0,0.0
2024-06-13,98N0A015F97G,0.0,40357.0,33.0,0.0,0.0,0.0
2024-06-14,98N0A015F97G,0.0,40389.0,33.0,0.0,0.0,0.0
2024-06-15,98N0A015F97G,0.0,40404.0,33.0,0.0,0.0,0.0
2024-06-16,98N0A015F97G,0.0,40436.0,34.0,0.0,0.0,0.0
2024-06-17,98N0A015F97G,0.0,40452.0,34.0,0.0,0.0,0.0
2024-06-18,98N0A015F97G,0.0,40484.0,34.0,0.0,0.0,0.0
2024-06-19,98N0A015F97G,0.0,40499.0,34.0,0.0,0.0,0.0
2024-06-20,98N0A015F97G,0.0,40531.0,33.0,0.0,0.0,0.0
2024-06-21,98N0A015F97G,0.0,40547.0,33.0,0.0,0.0,0.0
2024-06-22,98N0A015F97G,0.0,40579.0,33.0,0.0,0.0,0.0
2024-06-23,98N0A015F97G,0.0,40594.0,32.0,0.0,0.0,0.0
2024-06-24,98N0A015F97G,0.0,40626.0,31.0,0.0,0.0,0.0
2024-06-25,98N0A015F97G,0.0,40642.0,31.0,0.0,0.0,0.0
2024-06-26,98N0A015F97G,0.0,40673.0,31.0,0.0,0.0,0.0
2024-06-27,98N0A015F97G,0.0,40689.0,31.0,0.0,0.0,0.0
2024-06-28,98N0A015F97G,0.0,40721.0,31.0,0.0,0.0,0.0
2024-06-29,98N0A015F97G,0.0,40737.0,32.0,0.0,0.0,0.0
2024-06-30,98N0A015F97G,0.0,40768.0,31.0,0.0,0.0,0.0
2024-07-01,98N0A015F97G,0.0,40784.0,33.0,0.0,0.0,0.0
2024-07-02,98N0A015F97G,0.0,40816.0,33.0,0.0,0.0,0.0
2024-07-03,98N0A015F97G,0.0,40832.0,34.0,0.0,0.0,0.0
2024-07-04,98N0A015F97G,0.0,40864.0,33.0,0.0,0.0,0.0
2024-07-05,98N0A015F97G,0.0,40895.0,32.0,0.0,0.0,0.0
2024-07-06,98N0A015F97G,0.0,40911.0,32.0,0.0,0.0,0.0
2024-07-07,98N0A015F97G,0.0,40943.0,34.0,0.0,0.0,0.0
2024-07-08,98N0A015F97G,0.0,40959.0,33.0,0.0,0.0,0.0
2024-07-09,98N0A015F97G,0.0,40990.0,34.0,0.0,0.0,0.0
2024-07-10,98N0A015F97G,0.0,41006.0,33.0,0.0,0.0,0.0
2024-07-11,98N0A015F97G,0.0,41038.0,32.0,2.0,0.0,0.0
2025-04-18,6240A35GFVKG,0.0,21845.0,27.0,0.0,0.0,0.0
2025-04-19,6240A35GFVKG,0.0,21875.0,27.0,0.0,0.0,0.0
2025-04-20,6240A35GFVKG,0.0,21891.0,26.0,0.0,0.0,0.0
2025-04-21,6240A35GFVKG,0.0,21921.0,26.0,0.0,0.0,0.0
2025-04-22,6240A35GFVKG,0.0,21937.0,26.0,0.0,0.0,0.0
2025-04-23,6240A35GFVKG,0.0,21968.0,27.0,0.0,0.0,0.0
2025-04-24,6240A35GFVKG,0.0,21999.0,26.0,0.0,0.0,0.0
2025-04-25,6240A35GFVKG,0.0,22014.0,27.0,0.0,0.0,0.0
2025-04-26,6240A35GFVKG,0.0,22029.0,27.0,0.0,0.0,0.0
2025-04-27,6240A35GFVKG,0.0,22060.0,26.0,0.0,0.0,0.0
2025-04-28,6240A35GFVKG,0.0,22091.0,26.0,0.0,0.0,0.0
2025-04-29,6240A35GFVKG,0.0,22106.0,26.0,0.0,0.0,0.0
2025-04-30,6240A35GFVKG,0.0,22137.0,26.0,0.0,0.0,0.0
2025-05-01,6240A35GFVKG,0.0,22153.0,26.0,0.0,0.0,0.0
2025-05-02,6240A35GFVKG,0.0,22183.0,28.0,0.0,0.0,0.0
2025-05-03,6240A35GFVKG,0.0,22214.0,27.0,0.0,0.0,0.0
2025-05-04,6240A35GFVKG,0.0,22229.0,26.0,0.0,0.0,0.0
2025-05-05,6240A35GFVKG,0.0,22260.0,26.0,0.0,0.0,0.0
2025-05-06,6240A35GFVKG,0.0,22276.0,27.0,0.0,0.0,0.0
2025-05-07,6240A35GFVKG,0.0,22306.0,26.0,0.0,0.0,0.0
2025-05-08,6240A35GFVKG,0.0,22322.0,26.0,0.0,0.0,0.0
2025-05-09,6240A35GFVKG,0.0,22353.0,27.0,0.0,0.0,0.0
2025-05-10,6240A35GFVKG,0.0,22383.0,27.0,0.0,0.0,0.0
2025-05-11,6240A35GFVKG,0.0,22399.0,26.0,1.0,0.0,0.0
2025-05-12,6240A35GFVKG,0.0,22430.0,27.0,1.0,0.0,0.0
2025-05-13,6240A35GFVKG,0.0,22445.0,28.0,1.0,0.0,0.0
2025-05-14,6240A35GFVKG,0.0,22476.0,26.0,1.0,0.0,0.0
2025-05-15,6240A35GFVKG,0.0,22491.0,26.0,1.0,0.0,0.0
2025-05-16,6240A35GFVKG,0.0,22522.0,26.0,1.0,0.0,0.0
2025-05-17,6240A35GFVKG,0.0,22537.0,26.0,1.0,0.0,0.0
2025-09-24,1270A0ZDFVKG,0.0,19057.0,34.0,146.0,146.0,0.0
2025-09-25,1270A0ZDFVKG,0.0,19073.0,33.0,146.0,146.0,0.0
2025-09-26,1270A0ZDFVKG,0.0,19104.0,34.0,146.0,146.0,0.0
2025-09-27,1270A0ZDFVKG,0.0,19120.0,32.0,146.0,146.0,0.0
2025-09-28,1270A0ZDFVKG,0.0,19151.0,32.0,146.0,146.0,0.0
2025-09-29,1270A0ZDFVKG,0.0,19182.0,33.0,146.0,146.0,0.0
2025-09-30,1270A0ZDFVKG,0.0,19198.0,33.0,146.0,146.0,0.0
2025-10-01,1270A0ZDFVKG,0.0,19229.0,33.0,146.0,146.0,0.0
2025-10-02,1270A0ZDFVKG,0.0,19245.0,31.0,146.0,146.0,0.0
2025-10-03,1270A0ZDFVKG,0.0,19276.0,33.0,146.0,146.0,0.0
2025-10-04,1270A0ZDFVKG,0.0,19292.0,32.0,146.0,146.0,0.0
2025-10-05,1270A0ZDFVKG,0.0,19324.0,32.0,146.0,146.0,0.0
2025-10-06,1270A0ZDFVKG,0.0,19339.0,31.0,146.0,146.0,0.0
2025-10-07,1270A0ZDFVKG,0.0,19371.0,33.0,146.0,146.0,0.0
2025-10-08,1270A0ZDFVKG,0.0,19386.0,32.0,146.0,146.0,0.0
2025-10-09,1270A0ZDFVKG,0.0,19417.0,31.0,146.0,146.0,0.0
2025-10-10,1270A0ZDFVKG,0.0,19433.0,32.0,146.0,146.0,0.0
2025-10-11,1270A0ZDFVKG,0.0,19464.0,32.0,146.0,146.0,0.0
2025-10-12,1270A0ZDFVKG,0.0,19480.0,31.0,146.0,146.0,0.0
2025-10-13,1270A0ZDFVKG,0.0,19511.0,30.0,146.0,146.0,0.0
2025-10-14,1270A0ZDFVKG,0.0,19527.0,31.0,146.0,146.0,0.0
2025-10-15,1270A0ZDFVKG,0.0,19558.0,31.0,146.0,146.0,0.0
2025-10-16,1270A0ZDFVKG,0.0,19589.0,32.0,146.0,146.0,0.0
2025-10-17,1270A0ZDFVKG,0.0,19605.0,32.0,146.0,146.0,0.0
2025-10-18,1270A0ZDFVKG,0.0,19636.0,32.0,146.0,146.0,0.0
2025-10-19,1270A0ZDFVKG,0.0,19668.0,31.0,146.0,146.0,0.0
2025-10-20,1270A0ZDFVKG,0.0,19684.0,32.0,146.0,146.0,0.0
2025-10-21,1270A0ZDFVKG,0.0,19715.0,31.0,146.0,146.0,0.0
2025-10-22,1270A0ZDFVKG,0.0,19731.0,32.0,146.0,146.0,0.0
2025-10-23,1270A0ZDFVKG,0.0,19746.0,31.0,146.0,146.0,0.0
2024-04-16,52U0A056FVKG,0.0,13889.0,33.0,4.0,0.0,0.0
2024-04-17,52U0A056FVKG,0.0,13919.0,33.0,4.0,0.0,0.0
2024-04-18,52U0A056FVKG,0.0,13935.0,32.0,4.0,0.0,0.0
2024-04-19,52U0A056FVKG,0.0,13966.0,33.0,4.0,0.0,0.0
2024-04-20,52U0A056FVKG,0.0,13981.0,33.0,4.0,0.0,0.0
2024-04-21,52U0A056FVKG,0.0,14012.0,33.0,4.0,0.0,0.0
2024-04-22,52U0A056FVKG,0.0,14027.0,33.0,4.0,0.0,0.0
2024-04-23,52U0A056FVKG,0.0,14058.0,33.0,4.0,0.0,0.0
2024-04-24,52U0A056FVKG,0.0,14089.0,32.0,4.0,0.0,0.0
2024-04-25,52U0A056FVKG,0.0,14104.0,32.0,4.0,0.0,0.0
2024-04-26,52U0A056FVKG,0.0,14135.0,33.0,4.0,0.0,0.0
2024-04-27,52U0A056FVKG,0.0,14150.0,33.0,4.0,0.0,0.0
2024-04-28,52U0A056FVKG,0.0,14181.0,33.0,4.0,0.0,0.0
2024-04-29,52U0A056FVKG,0.0,14196.0,33.0,4.0,0.0,0.0
2024-04-30,52U0A056FVKG,0.0,14227.0,33.0,4.0,0.0,0.0
2024-05-01,52U0A056FVKG,0.0,14242.0,32.0,4.0,0.0,0.0
2024-05-02,52U0A056FVKG,0.0,14273.0,33.0,4.0,0.0,0.0
2024-05-03,52U0A056FVKG,0.0,14303.0,34.0,4.0,0.0,0.0
2024-05-04,52U0A056FVKG,0.0,14319.0,33.0,4.0,0.0,0.0
2024-05-05,52U0A056FVKG,0.0,14350.0,33.0,4.0,0.0,0.0
2024-05-06,52U0A056FVKG,0.0,14365.0,33.0,4.0,0.0,0.0
2024-05-07,52U0A056FVKG,0.0,14396.0,33.0,4.0,0.0,0.0
2024-05-08,52U0A056FVKG,0.0,14412.0,32.0,4.0,0.0,0.0
2024-05-09,52U0A056FVKG,0.0,14433.0,32.0,4.0,0.0,0.0
2024-05-10,52U0A056FVKG,0.0,14458.0,32.0,4.0,0.0,0.0
2024-05-11,52U0A056FVKG,0.0,14489.0,33.0,4.0,0.0,0.0
2024-05-12,52U0A056FVKG,0.0,14519.0,33.0,4.0,0.0,0.0
2024-05-13,52U0A056FVKG,0.0,14535.0,33.0,4.0,0.0,0.0
2024-05-14,52U0A056FVKG,0.0,14566.0,33.0,4.0,0.0,0.0
2024-05-15,52U0A056FVKG,0.0,14596.0,33.0,3.0,0.0,0.0
2024-11-29,92J0A064FVKG,1.0,17729.0,30.0,2.0,0.0,0.0
2024-11-30,92J0A064FVKG,1.0,17745.0,30.0,2.0,0.0,0.0
2024-12-01,92J0A064FVKG,1.0,17775.0,31.0,2.0,0.0,0.0
2024-12-02,92J0A064FVKG,1.0,17791.0,31.0,2.0,0.0,0.0
2024-12-03,92J0A064FVKG,1.0,17822.0,30.0,2.0,0.0,0.0
2024-12-04,92J0A064FVKG,1.0,17837.0,30.0,2.0,0.0,0.0
2024-12-05,92J0A064FVKG,1.0,17868.0,30.0,2.0,0.0,0.0
2024-12-06,92J0A064FVKG,1.0,17883.0,30.0,2.0,0.0,0.0
2024-12-07,92J0A064FVKG,1.0,17914.0,30.0,2.0,0.0,0.0
2024-12-08,92J0A064FVKG,1.0,17944.0,31.0,2.0,0.0,0.0
2024-12-09,92J0A064FVKG,1.0,17960.0,32.0,2.0,0.0,0.0
2024-12-10,92J0A064FVKG,1.0,17991.0,31.0,2.0,0.0,0.0
2024-12-11,92J0A064FVKG,1.0,18006.0,30.0,2.0,0.0,0.0
2024-12-12,92J0A064FVKG,1.0,18037.0,31.0,2.0,0.0,0.0
2024-12-13,92J0A064FVKG,1.0,18052.0,31.0,2.0,0.0,0.0
2024-12-14,92J0A064FVKG,1.0,18083.0,31.0,2.0,0.0,0.0
2024-12-15,92J0A064FVKG,1.0,18113.0,31.0,2.0,0.0,0.0
2024-12-16,92J0A064FVKG,1.0,18129.0,32.0,2.0,0.0,0.0
2024-12-17,92J0A064FVKG,1.0,18160.0,32.0,2.0,0.0,0.0
2024-12-18,92J0A064FVKG,1.0,18175.0,32.0,2.0,0.0,0.0
2024-12-19,92J0A064FVKG,1.0,18206.0,30.0,2.0,0.0,0.0
2024-12-20,92J0A064FVKG,1.0,18221.0,30.0,0.0,0.0,0.0
2024-12-21,92J0A064FVKG,1.0,18252.0,31.0,0.0,0.0,0.0
2024-12-22,92J0A064FVKG,1.0,18282.0,31.0,0.0,0.0,0.0
2024-12-23,92J0A064FVKG,1.0,18298.0,32.0,0.0,0.0,0.0
2024-12-24,92J0A064FVKG,1.0,18329.0,31.0,0.0,0.0,0.0
2024-12-25,92J0A064FVKG,1.0,18344.0,30.0,0.0,0.0,0.0
2024-12-26,92J0A064FVKG,1.0,18375.0,30.0,0.0,0.0,0.0
2024-12-27,92J0A064FVKG,1.0,18390.0,30.0,0.0,0.0,0.0
2025-01-06,92J0A064FVKG,1.0,18619.0,30.0,0.0,0.0,0.0
2025-04-12,70L0A016FV8G,0.0,37649.0,30.0,,0.0,0.0
2025-04-13,70L0A016FV8G,0.0,37670.0,30.0,,0.0,0.0
2025-04-14,70L0A016FV8G,0.0,37698.0,30.0,,0.0,0.0
2025-04-15,70L0A016FV8G,0.0,37718.0,31.0,,0.0,0.0
2025-04-16,70L0A016FV8G,0.0,37746.0,31.0,,0.0,0.0
2025-04-17,70L0A016FV8G,0.0,37767.0,30.0,,0.0,0.0
2025-04-18,70L0A016FV8G,0.0,37787.0,31.0,,0.0,0.0
2025-04-19,70L0A016FV8G,0.0,37815.0,30.0,,0.0,0.0
2025-04-20,70L0A016FV8G,0.0,37836.0,30.0,,0.0,0.0
2025-04-21,70L0A016FV8G,0.0,37863.0,30.0,,0.0,0.0
2025-04-22,70L0A016FV8G,0.0,37884.0,31.0,,0.0,0.0
2025-04-23,70L0A016FV8G,0.0,37912.0,30.0,,0.0,0.0
2025-04-24,70L0A016FV8G,0.0,37939.0,30.0,,0.0,0.0
2025-04-25,70L0A016FV8G,0.0,37960.0,31.0,,0.0,0.0
2025-04-26,70L0A016FV8G,0.0,37981.0,30.0,,0.0,0.0
2025-04-27,70L0A016FV8G,0.0,38008.0,30.0,,0.0,0.0
2025-04-28,70L0A016FV8G,0.0,38029.0,31.0,,0.0,0.0
2025-04-29,70L0A016FV8G,0.0,38057.0,31.0,,0.0,0.0
2025-04-30,70L0A016FV8G,0.0,38077.0,30.0,,0.0,0.0
2025-05-01,70L0A016FV8G,0.0,38105.0,30.0,,0.0,0.0
2025-05-02,70L0A016FV8G,0.0,38126.0,30.0,,0.0,0.0
2025-05-03,70L0A016FV8G,0.0,38153.0,31.0,,0.0,0.0
2025-05-04,70L0A016FV8G,0.0,38181.0,31.0,,0.0,0.0
2025-05-05,70L0A016FV8G,0.0,38202.0,30.0,,0.0,0.0
2025-05-06,70L0A016FV8G,0.0,38229.0,31.0,,0.0,0.0
2025-05-07,70L0A016FV8G,0.0,38250.0,31.0,,0.0,0.0
2025-05-08,70L0A016FV8G,0.0,38271.0,31.0,,0.0,0.0
2025-05-09,70L0A016FV8G,0.0,38298.0,31.0,,0.0,0.0
2025-05-10,70L0A016FV8G,0.0,38319.0,31.0,,0.0,0.0
2025-05-11,70L0A016FV8G,0.0,38333.0,31.0,,0.0,0.0
2024-12-26,52R0A09XFVKG,0.0,20522.0,42.0,1.0,0.0,0.0
2024-12-27,52R0A09XFVKG,0.0,20537.0,41.0,1.0,0.0,0.0
2024-12-28,52R0A09XFVKG,0.0,20568.0,41.0,1.0,0.0,0.0
2024-12-29,52R0A09XFVKG,0.0,20584.0,41.0,1.0,0.0,0.0
2024-12-30,52R0A09XFVKG,0.0,20615.0,40.0,1.0,0.0,0.0
2024-12-31,52R0A09XFVKG,0.0,20630.0,40.0,1.0,0.0,0.0
2025-01-01,52R0A09XFVKG,0.0,20661.0,41.0,1.0,0.0,0.0
2025-01-02,52R0A09XFVKG,0.0,20677.0,42.0,1.0,0.0,0.0
2025-01-03,52R0A09XFVKG,0.0,20707.0,41.0,1.0,0.0,0.0
2025-01-04,52R0A09XFVKG,0.0,20738.0,39.0,1.0,0.0,0.0
2025-01-05,52R0A09XFVKG,0.0,20754.0,40.0,1.0,0.0,0.0
2025-01-06,52R0A09XFVKG,0.0,20785.0,40.0,1.0,0.0,0.0
2025-01-07,52R0A09XFVKG,0.0,20800.0,41.0,1.0,0.0,0.0
2025-01-08,52R0A09XFVKG,0.0,20831.0,39.0,1.0,0.0,0.0
2025-01-09,52R0A09XFVKG,0.0,20846.0,40.0,1.0,0.0,0.0
2025-01-10,52R0A09XFVKG,0.0,20877.0,40.0,1.0,0.0,0.0
2025-01-11,52R0A09XFVKG,0.0,20908.0,40.0,1.0,0.0,0.0
2025-01-12,52R0A09XFVKG,0.0,20924.0,41.0,1.0,0.0,0.0
2025-01-13,52R0A09XFVKG,0.0,20955.0,42.0,1.0,0.0,0.0
2025-01-14,52R0A09XFVKG,0.0,20970.0,42.0,1.0,0.0,0.0
2025-01-15,52R0A09XFVKG,0.0,21001.0,41.0,1.0,0.0,0.0
2025-01-16,52R0A09XFVKG,0.0,21017.0,42.0,1.0,0.0,0.0
2025-01-17,52R0A09XFVKG,0.0,21048.0,41.0,1.0,0.0,0.0
2025-01-18,52R0A09XFVKG,0.0,21063.0,40.0,1.0,0.0,0.0
2025-01-19,52R0A09XFVKG,0.0,21094.0,41.0,1.0,0.0,0.0
2025-01-20,52R0A09XFVKG,0.0,21110.0,41.0,1.0,0.0,0.0
2025-01-21,52R0A09XFVKG,0.0,21141.0,42.0,1.0,0.0,0.0
2025-01-22,52R0A09XFVKG,0.0,21156.0,42.0,1.0,0.0,0.0
2025-01-23,52R0A09XFVKG,0.0,21187.0,40.0,1.0,0.0,0.0
2025-01-24,52R0A09XFVKG,0.0,21218.0,40.0,1.0,0.0,0.0
2024-01-14,10K0A079F97G,0.0,33952.0,35.0,0.0,0.0,0.0
2024-01-15,10K0A079F97G,0.0,33984.0,36.0,0.0,0.0,0.0
2024-01-16,10K0A079F97G,0.0,34000.0,35.0,0.0,0.0,0.0
2024-01-17,10K0A079F97G,0.0,34032.0,35.0,0.0,0.0,0.0
2024-01-18,10K0A079F97G,0.0,34048.0,35.0,0.0,0.0,0.0
2024-01-19,10K0A079F97G,0.0,34079.0,35.0,0.0,0.0,0.0
2024-01-20,10K0A079F97G,0.0,34095.0,35.0,0.0,0.0,0.0
2024-01-21,10K0A079F97G,0.0,34127.0,35.0,0.0,0.0,0.0
2024-01-22,10K0A079F97G,0.0,34143.0,36.0,0.0,0.0,0.0
2024-01-23,10K0A079F97G,0.0,34175.0,36.0,0.0,0.0,0.0
2024-01-24,10K0A079F97G,0.0,34191.0,36.0,0.0,0.0,0.0
2024-01-25,10K0A079F97G,0.0,34223.0,35.0,0.0,0.0,0.0
2024-01-26,10K0A079F97G,0.0,34239.0,35.0,0.0,0.0,0.0
2024-01-27,10K0A079F97G,0.0,34270.0,36.0,0.0,0.0,0.0
2024-01-28,10K0A079F97G,0.0,34286.0,35.0,0.0,0.0,0.0
2024-01-29,10K0A079F97G,0.0,34318.0,35.0,0.0,0.0,0.0
2024-01-30,10K0A079F97G,0.0,34334.0,35.0,0.0,0.0,0.0
2024-01-31,10K0A079F97G,0.0,34366.0,35.0,0.0,0.0,0.0
2024-02-01,10K0A079F97G,0.0,34382.0,35.0,0.0,0.0,0.0
2024-02-02,10K0A079F97G,0.0,34414.0,35.0,0.0,0.0,0.0
2024-02-04,10K0A079F97G,0.0,34460.0,35.0,0.0,0.0,0.0
2024-02-05,10K0A079F97G,0.0,34492.0,35.0,0.0,0.0,0.0
2024-02-06,10K0A079F97G,0.0,34508.0,35.0,0.0,0.0,0.0
2024-02-07,10K0A079F97G,0.0,34540.0,36.0,0.0,0.0,0.0
2024-02-08,10K0A079F97G,0.0,34556.0,36.0,0.0,0.0,0.0
2024-02-09,10K0A079F97G,0.0,34572.0,34.0,0.0,0.0,0.0
2024-02-10,10K0A079F97G,0.0,34603.0,35.0,0.0,0.0,0.0
2024-02-11,10K0A079F97G,0.0,34635.0,35.0,0.0,0.0,0.0
2024-02-12,10K0A079F97G,0.0,34651.0,35.0,0.0,0.0,0.0
2024-02-14,10K0A079F97G,0.0,34706.0,35.0,0.0,0.0,0.0
2024-07-14,6210A0MQFVKG,0.0,16392.0,32.0,0.0,0.0,0.0
2024-07-15,6210A0MQFVKG,0.0,16423.0,32.0,0.0,0.0,0.0
2024-07-16,6210A0MQFVKG,0.0,16454.0,32.0,0.0,0.0,0.0
2024-07-17,6210A0MQFVKG,0.0,16469.0,33.0,0.0,0.0,0.0
2024-07-18,6210A0MQFVKG,0.0,16500.0,32.0,0.0,0.0,0.0
2024-07-19,6210A0MQFVKG,0.0,16516.0,32.0,0.0,0.0,0.0
2024-07-20,6210A0MQFVKG,0.0,16546.0,32.0,0.0,0.0,0.0
2024-07-21,6210A0MQFVKG,0.0,16562.0,32.0,0.0,0.0,0.0
2024-07-22,6210A0MQFVKG,0.0,16593.0,34.0,0.0,0.0,0.0
2024-07-23,6210A0MQFVKG,0.0,16608.0,33.0,0.0,0.0,0.0
2024-07-24,6210A0MQFVKG,0.0,16639.0,32.0,0.0,0.0,0.0
2024-07-25,6210A0MQFVKG,0.0,16654.0,32.0,0.0,0.0,0.0
2024-07-26,6210A0MQFVKG,0.0,16685.0,32.0,0.0,0.0,0.0
2024-07-27,6210A0MQFVKG,0.0,16716.0,33.0,0.0,0.0,0.0
2024-07-28,6210A0MQFVKG,0.0,16731.0,32.0,0.0,0.0,0.0
2024-07-29,6210A0MQFVKG,0.0,16762.0,34.0,0.0,0.0,0.0
2024-07-30,6210A0MQFVKG,0.0,16778.0,33.0,0.0,0.0,0.0
2024-07-31,6210A0MQFVKG,0.0,16808.0,33.0,0.0,0.0,0.0
2024-08-01,6210A0MQFVKG,0.0,16824.0,33.0,0.0,0.0,0.0
2024-08-02,6210A0MQFVKG,0.0,16855.0,33.0,0.0,0.0,0.0
2024-08-03,6210A0MQFVKG,0.0,16870.0,33.0,0.0,0.0,0.0
2024-08-04,6210A0MQFVKG,0.0,16901.0,32.0,0.0,0.0,0.0
2024-08-05,6210A0MQFVKG,0.0,16932.0,33.0,0.0,0.0,0.0
2024-08-06,6210A0MQFVKG,0.0,16947.0,32.0,0.0,0.0,0.0
2024-08-07,6210A0MQFVKG,0.0,16978.0,33.0,0.0,0.0,0.0
2024-08-08,6210A0MQFVKG,0.0,17009.0,32.0,0.0,0.0,0.0
2024-08-09,6210A0MQFVKG,0.0,17023.0,32.0,0.0,0.0,0.0
2024-08-10,6210A0MQFVKG,0.0,17054.0,32.0,0.0,0.0,0.0
2024-08-11,6210A0MQFVKG,0.0,17084.0,32.0,0.0,0.0,0.0
2024-08-12,6210A0MQFVKG,0.0,17098.0,32.0,0.0,0.0,0.0
2024-07-20,61A0A0DEF97G,0.0,26028.0,32.0,0.0,0.0,0.0
2024-07-21,61A0A0DEF97G,0.0,26060.0,32.0,0.0,0.0,0.0
2024-07-22,61A0A0DEF97G,0.0,26076.0,32.0,0.0,0.0,0.0
2024-07-23,61A0A0DEF97G,0.0,26109.0,32.0,0.0,0.0,0.0
2024-07-24,61A0A0DEF97G,0.0,26125.0,32.0,0.0,0.0,0.0
2024-07-25,61A0A0DEF97G,0.0,26157.0,32.0,0.0,0.0,0.0
2024-07-26,61A0A0DEF97G,0.0,26173.0,32.0,0.0,0.0,0.0
2024-07-27,61A0A0DEF97G,0.0,26205.0,32.0,0.0,0.0,0.0
2024-07-28,61A0A0DEF97G,0.0,26221.0,32.0,0.0,0.0,0.0
2024-07-29,61A0A0DEF97G,0.0,26253.0,32.0,0.0,0.0,0.0
2024-07-30,61A0A0DEF97G,0.0,26269.0,32.0,0.0,0.0,0.0
2024-07-31,61A0A0DEF97G,0.0,26301.0,32.0,0.0,0.0,0.0
2024-08-01,61A0A0DEF97G,0.0,26317.0,32.0,0.0,0.0,0.0
2024-08-02,61A0A0DEF97G,0.0,26348.0,32.0,0.0,0.0,0.0
2024-08-03,61A0A0DEF97G,0.0,26364.0,32.0,0.0,0.0,0.0
2024-08-04,61A0A0DEF97G,0.0,26396.0,32.0,0.0,0.0,0.0
2024-08-05,61A0A0DEF97G,0.0,26412.0,32.0,0.0,0.0,0.0
2024-08-06,61A0A0DEF97G,0.0,26445.0,32.0,0.0,0.0,0.0
2024-08-07,61A0A0DEF97G,0.0,26460.0,32.0,0.0,0.0,0.0
2024-08-08,61A0A0DEF97G,0.0,26492.0,32.0,0.0,0.0,0.0
2024-08-09,61A0A0DEF97G,0.0,26524.0,33.0,0.0,0.0,0.0
2024-08-10,61A0A0DEF97G,0.0,26540.0,32.0,0.0,0.0,0.0
2024-08-11,61A0A0DEF97G,0.0,26572.0,33.0,0.0,0.0,0.0
2024-08-12,61A0A0DEF97G,0.0,26588.0,32.0,0.0,0.0,0.0
2024-08-13,61A0A0DEF97G,0.0,26620.0,32.0,0.0,0.0,0.0
2024-08-14,61A0A0DEF97G,0.0,26636.0,32.0,0.0,0.0,0.0
2024-08-15,61A0A0DEF97G,0.0,26652.0,32.0,0.0,0.0,0.0
2024-08-16,61A0A0DEF97G,0.0,26683.0,32.0,0.0,0.0,0.0
2024-08-17,61A0A0DEF97G,0.0,26699.0,32.0,0.0,0.0,0.0
2024-08-18,61A0A0DEF97G,0.0,26731.0,32.0,0.0,0.0,0.0
2025-09-22,5440A0B3F4MJ,0.0,10443.0,32.0,0.0,0.0,0.0
2025-09-23,5440A0B3F4MJ,0.0,10474.0,31.0,0.0,0.0,0.0
2025-09-24,5440A0B3F4MJ,0.0,10505.0,31.0,0.0,0.0,0.0
2025-09-25,5440A0B3F4MJ,0.0,10520.0,31.0,0.0,0.0,0.0
2025-09-26,5440A0B3F4MJ,0.0,10551.0,31.0,0.0,0.0,0.0
2025-09-27,5440A0B3F4MJ,0.0,10566.0,32.0,0.0,0.0,0.0
2025-09-28,5440A0B3F4MJ,0.0,10597.0,32.0,0.0,0.0,0.0
2025-09-29,5440A0B3F4MJ,0.0,10612.0,33.0,0.0,0.0,0.0
2025-09-30,5440A0B3F4MJ,0.0,10643.0,31.0,0.0,0.0,0.0
2025-10-01,5440A0B3F4MJ,0.0,10674.0,32.0,0.0,0.0,0.0
2025-10-02,5440A0B3F4MJ,0.0,10689.0,31.0,0.0,0.0,0.0
2025-10-03,5440A0B3F4MJ,0.0,10720.0,32.0,0.0,0.0,0.0
2025-10-04,5440A0B3F4MJ,0.0,10735.0,32.0,0.0,0.0,0.0
2025-10-05,5440A0B3F4MJ,0.0,10766.0,33.0,0.0,0.0,0.0
2025-10-06,5440A0B3F4MJ,0.0,10781.0,32.0,0.0,0.0,0.0
2025-10-07,5440A0B3F4MJ,0.0,10812.0,31.0,0.0,0.0,0.0
2025-10-08,5440A0B3F4MJ,0.0,10843.0,31.0,0.0,0.0,0.0
2025-10-09,5440A0B3F4MJ,0.0,10858.0,31.0,0.0,0.0,0.0
2025-10-10,5440A0B3F4MJ,0.0,10889.0,31.0,0.0,0.0,0.0
2025-10-11,5440A0B3F4MJ,0.0,10904.0,31.0,0.0,0.0,0.0
2025-10-12,5440A0B3F4MJ,0.0,10935.0,32.0,0.0,0.0,0.0
2025-10-13,5440A0B3F4MJ,0.0,10950.0,31.0,0.0,0.0,0.0
2025-10-14,5440A0B3F4MJ,0.0,10981.0,31.0,0.0,0.0,0.0
2025-10-15,5440A0B3F4MJ,0.0,10996.0,33.0,0.0,0.0,0.0
2025-10-16,5440A0B3F4MJ,0.0,11027.0,32.0,0.0,0.0,0.0
2025-10-17,5440A0B3F4MJ,0.0,11058.0,32.0,0.0,0.0,0.0
2025-10-18,5440A0B3F4MJ,0.0,11073.0,32.0,0.0,0.0,0.0
2025-10-19,5440A0B3F4MJ,0.0,11104.0,33.0,0.0,0.0,0.0
2025-10-20,5440A0B3F4MJ,0.0,11119.0,33.0,0.0,0.0,0.0
2025-10-21,5440A0B3F4MJ,0.0,11135.0,31.0,0.0,0.0,0.0
2026-02-27,8160A1FNFVKG,0.0,13225.0,39.0,0.0,0.0,0.0
2026-02-28,8160A1FNFVKG,0.0,13241.0,39.0,0.0,0.0,0.0
2026-03-01,8160A1FNFVKG,0.0,13272.0,39.0,0.0,0.0,0.0
2026-03-02,8160A1FNFVKG,0.0,13303.0,40.0,0.0,0.0,0.0
2026-03-03,8160A1FNFVKG,0.0,13319.0,39.0,0.0,0.0,0.0
2026-03-04,8160A1FNFVKG,0.0,13350.0,41.0,0.0,0.0,0.0
2026-03-05,8160A1FNFVKG,0.0,13365.0,41.0,0.0,0.0,0.0
2026-03-06,8160A1FNFVKG,0.0,13397.0,41.0,0.0,0.0,0.0
2026-03-07,8160A1FNFVKG,0.0,13412.0,40.0,0.0,0.0,0.0
2026-03-08,8160A1FNFVKG,0.0,13443.0,41.0,0.0,0.0,0.0
2026-03-09,8160A1FNFVKG,0.0,13459.0,41.0,0.0,0.0,0.0
2026-03-10,8160A1FNFVKG,0.0,13490.0,40.0,0.0,0.0,0.0
2026-03-11,8160A1FNFVKG,0.0,13506.0,40.0,0.0,0.0,0.0
2026-03-12,8160A1FNFVKG,0.0,13537.0,40.0,0.0,0.0,0.0
2026-03-13,8160A1FNFVKG,0.0,13553.0,40.0,0.0,0.0,0.0
2026-03-14,8160A1FNFVKG,0.0,13584.0,40.0,0.0,0.0,0.0
2026-03-15,8160A1FNFVKG,0.0,13600.0,41.0,0.0,0.0,0.0
2026-03-16,8160A1FNFVKG,0.0,13631.0,40.0,0.0,0.0,0.0
2026-03-17,8160A1FNFVKG,0.0,13647.0,40.0,0.0,0.0,0.0
2026-03-18,8160A1FNFVKG,0.0,13678.0,41.0,0.0,0.0,0.0
2026-03-19,8160A1FNFVKG,0.0,13693.0,40.0,0.0,0.0,0.0
2026-03-20,8160A1FNFVKG,0.0,13725.0,40.0,0.0,0.0,0.0
2026-03-21,8160A1FNFVKG,0.0,13756.0,41.0,0.0,0.0,0.0
2026-03-22,8160A1FNFVKG,0.0,13772.0,40.0,0.0,0.0,0.0
2026-03-23,8160A1FNFVKG,0.0,13803.0,40.0,0.0,0.0,0.0
2026-03-24,8160A1FNFVKG,0.0,13819.0,40.0,0.0,0.0,0.0
2026-03-25,8160A1FNFVKG,0.0,13850.0,40.0,0.0,0.0,0.0
2026-03-26,8160A1FNFVKG,0.0,13881.0,41.0,0.0,0.0,0.0
2026-03-27,8160A1FNFVKG,0.0,13897.0,40.0,0.0,0.0,0.0
2026-03-31,8160A1FNFVKG,0.0,13999.0,41.0,1.0,0.0,0.0
2025-06-26,71R0A04WFV8G,0.0,27007.0,31.0,,0.0,0.0
2025-06-27,71R0A04WFV8G,0.0,27035.0,30.0,,0.0,0.0
2025-06-28,71R0A04WFV8G,0.0,27063.0,29.0,,0.0,0.0
2025-06-29,71R0A04WFV8G,0.0,27090.0,29.0,,0.0,0.0
2025-06-30,71R0A04WFV8G,0.0,27111.0,29.0,,0.0,0.0
2025-07-01,71R0A04WFV8G,0.0,27138.0,29.0,,0.0,0.0
2025-07-02,71R0A04WFV8G,0.0,27159.0,31.0,,0.0,0.0
2025-07-03,71R0A04WFV8G,0.0,27186.0,30.0,,0.0,0.0
2025-07-04,71R0A04WFV8G,0.0,27207.0,29.0,,0.0,0.0
2025-07-05,71R0A04WFV8G,0.0,27235.0,29.0,,0.0,0.0
2025-07-06,71R0A04WFV8G,0.0,27255.0,29.0,,0.0,0.0
2025-07-07,71R0A04WFV8G,0.0,27283.0,29.0,,0.0,0.0
2025-07-08,71R0A04WFV8G,0.0,27303.0,29.0,,0.0,0.0
2025-07-09,71R0A04WFV8G,0.0,27331.0,30.0,,0.0,0.0
2025-07-10,71R0A04WFV8G,0.0,27351.0,30.0,,0.0,0.0
2025-07-11,71R0A04WFV8G,0.0,27372.0,29.0,,0.0,0.0
2025-07-12,71R0A04WFV8G,0.0,27393.0,30.0,,0.0,0.0
2025-07-13,71R0A04WFV8G,0.0,27428.0,29.0,,0.0,0.0
2025-07-14,71R0A04WFV8G,0.0,27441.0,30.0,,0.0,0.0
2025-07-15,71R0A04WFV8G,0.0,27471.0,29.0,,0.0,0.0
2025-07-16,71R0A04WFV8G,0.0,27491.0,30.0,,0.0,0.0
2025-07-17,71R0A04WFV8G,0.0,27512.0,30.0,,0.0,0.0
2025-07-18,71R0A04WFV8G,0.0,27540.0,30.0,,0.0,0.0
2025-07-19,71R0A04WFV8G,0.0,27560.0,29.0,,0.0,0.0
2025-07-20,71R0A04WFV8G,0.0,27595.0,30.0,,0.0,0.0
2025-07-21,71R0A04WFV8G,0.0,27615.0,29.0,,0.0,0.0
2025-07-22,71R0A04WFV8G,0.0,27643.0,29.0,,0.0,0.0
2025-07-23,71R0A04WFV8G,0.0,27664.0,30.0,,0.0,0.0
2025-07-24,71R0A04WFV8G,0.0,27684.0,30.0,,0.0,0.0
2025-07-25,71R0A04WFV8G,0.0,27698.0,30.0,,0.0,0.0
2026-03-02,21B0A0GTFV8G,0.0,40088.0,29.0,,0.0,0.0
2026-03-03,21B0A0GTFV8G,0.0,40108.0,30.0,,0.0,0.0
2026-03-04,21B0A0GTFV8G,0.0,40129.0,30.0,,0.0,0.0
2026-03-05,21B0A0GTFV8G,0.0,40157.0,29.0,,0.0,0.0
2026-03-06,21B0A0GTFV8G,0.0,40178.0,30.0,,0.0,0.0
2026-03-07,21B0A0GTFV8G,0.0,40206.0,30.0,,0.0,0.0
2026-03-08,21B0A0GTFV8G,0.0,40227.0,30.0,,0.0,0.0
2026-03-09,21B0A0GTFV8G,0.0,40254.0,30.0,,0.0,0.0
2026-03-10,21B0A0GTFV8G,0.0,40275.0,29.0,,0.0,0.0
2026-03-11,21B0A0GTFV8G,0.0,40296.0,29.0,,0.0,0.0
2026-03-12,21B0A0GTFV8G,0.0,40324.0,29.0,,0.0,0.0
2026-03-13,21B0A0GTFV8G,0.0,40345.0,29.0,,0.0,0.0
2026-03-14,21B0A0GTFV8G,0.0,40373.0,29.0,,0.0,0.0
2026-03-15,21B0A0GTFV8G,0.0,40394.0,29.0,,0.0,0.0
2026-03-16,21B0A0GTFV8G,0.0,40415.0,29.0,,0.0,0.0
2026-03-17,21B0A0GTFV8G,0.0,40442.0,29.0,,0.0,0.0
2026-03-18,21B0A0GTFV8G,0.0,40463.0,30.0,,0.0,0.0
2026-03-19,21B0A0GTFV8G,0.0,40491.0,30.0,,0.0,0.0
2026-03-20,21B0A0GTFV8G,0.0,40512.0,30.0,,0.0,0.0
2026-03-21,21B0A0GTFV8G,0.0,40541.0,30.0,,0.0,0.0
2026-03-22,21B0A0GTFV8G,0.0,40562.0,30.0,,0.0,0.0
2026-03-23,21B0A0GTFV8G,0.0,40583.0,31.0,,0.0,0.0
2026-03-24,21B0A0GTFV8G,0.0,40618.0,30.0,,0.0,0.0
2026-03-25,21B0A0GTFV8G,0.0,40639.0,30.0,,0.0,0.0
2026-03-26,21B0A0GTFV8G,0.0,40660.0,30.0,,0.0,0.0
2026-03-27,21B0A0GTFV8G,0.0,40688.0,30.0,,0.0,0.0
2026-03-28,21B0A0GTFV8G,0.0,40709.0,30.0,,0.0,0.0
2026-03-29,21B0A0GTFV8G,0.0,40730.0,30.0,,0.0,0.0
2026-03-30,21B0A0GTFV8G,0.0,40758.0,30.0,,0.0,0.0
2026-03-31,21B0A0GTFV8G,0.0,40779.0,30.0,,0.0,0.0
2026-03-02,7050A007FV8G,3.0,45344.0,29.0,,0.0,0.0
2026-03-03,7050A007FV8G,3.0,45372.0,31.0,,0.0,0.0
2026-03-04,7050A007FV8G,3.0,45393.0,30.0,,0.0,0.0
2026-03-05,7050A007FV8G,3.0,45420.0,30.0,,0.0,0.0
2026-03-06,7050A007FV8G,3.0,45441.0,30.0,,0.0,0.0
2026-03-07,7050A007FV8G,3.0,45462.0,30.0,,0.0,0.0
2026-03-08,7050A007FV8G,3.0,45490.0,30.0,,0.0,0.0
2026-03-09,7050A007FV8G,3.0,45510.0,29.0,,0.0,0.0
2026-03-10,7050A007FV8G,3.0,45538.0,30.0,,0.0,0.0
2026-03-11,7050A007FV8G,3.0,45559.0,30.0,,0.0,0.0
2026-03-12,7050A007FV8G,3.0,45586.0,31.0,,0.0,0.0
2026-03-13,7050A007FV8G,3.0,45607.0,31.0,,0.0,0.0
2026-03-14,7050A007FV8G,3.0,45628.0,31.0,,0.0,0.0
2026-03-15,7050A007FV8G,3.0,45656.0,31.0,,0.0,0.0
2026-03-16,7050A007FV8G,3.0,45677.0,31.0,,0.0,0.0
2026-03-17,7050A007FV8G,3.0,45704.0,31.0,,0.0,0.0
2026-03-18,7050A007FV8G,3.0,45725.0,31.0,,0.0,0.0
2026-03-19,7050A007FV8G,3.0,45753.0,31.0,,0.0,0.0
2026-03-20,7050A007FV8G,3.0,45774.0,31.0,,0.0,0.0
2026-03-21,7050A007FV8G,3.0,45802.0,32.0,,0.0,0.0
2026-03-22,7050A007FV8G,3.0,45823.0,32.0,,0.0,0.0
2026-03-23,7050A007FV8G,3.0,45851.0,31.0,,0.0,0.0
2026-03-24,7050A007FV8G,3.0,45872.0,32.0,,0.0,0.0
2026-03-25,7050A007FV8G,3.0,45899.0,32.0,,0.0,0.0
2026-03-26,7050A007FV8G,3.0,45927.0,32.0,,0.0,0.0
2026-03-27,7050A007FV8G,3.0,45948.0,31.0,,0.0,0.0
2026-03-28,7050A007FV8G,3.0,45976.0,31.0,,0.0,0.0
2026-03-29,7050A007FV8G,3.0,45997.0,31.0,,0.0,0.0
2026-03-30,7050A007FV8G,3.0,46025.0,31.0,,0.0,0.0
2026-03-31,7050A007FV8G,3.0,46046.0,31.0,,0.0,0.0
2026-03-02,Y7GGP8SYT,0.0,69565.0,30.0,0.0,0.0,0.0
2026-03-03,Y7GGP8SYT,0.0,69581.0,30.0,0.0,0.0,0.0
2026-03-04,Y7GGP8SYT,0.0,69613.0,30.0,0.0,0.0,0.0
2026-03-05,Y7GGP8SYT,0.0,69645.0,30.0,0.0,0.0,0.0
2026-03-06,Y7GGP8SYT,0.0,69661.0,30.0,0.0,0.0,0.0
2026-03-07,Y7GGP8SYT,0.0,69693.0,30.0,0.0,0.0,0.0
2026-03-08,Y7GGP8SYT,0.0,69709.0,30.0,0.0,0.0,0.0
2026-03-09,Y7GGP8SYT,0.0,69740.0,30.0,0.0,0.0,0.0
2026-03-10,Y7GGP8SYT,0.0,69756.0,30.0,0.0,0.0,0.0
2026-03-11,Y7GGP8SYT,0.0,69788.0,30.0,0.0,0.0,0.0
2026-03-12,Y7GGP8SYT,0.0,69804.0,29.0,0.0,0.0,0.0
2026-03-13,Y7GGP8SYT,0.0,69835.0,28.0,0.0,0.0,0.0
2026-03-14,Y7GGP8SYT,0.0,69851.0,28.0,0.0,0.0,0.0
2026-03-15,Y7GGP8SYT,0.0,69883.0,28.0,0.0,0.0,0.0
2026-03-16,Y7GGP8SYT,0.0,69899.0,28.0,0.0,0.0,0.0
2026-03-17,Y7GGP8SYT,0.0,69930.0,28.0,0.0,0.0,0.0
2026-03-18,Y7GGP8SYT,0.0,69946.0,28.0,0.0,0.0,0.0
2026-03-19,Y7GGP8SYT,0.0,69978.0,28.0,0.0,0.0,0.0
2026-03-20,Y7GGP8SYT,0.0,69994.0,28.0,0.0,0.0,0.0
2026-03-21,Y7GGP8SYT,0.0,70026.0,29.0,0.0,0.0,0.0
2026-03-22,Y7GGP8SYT,0.0,70041.0,28.0,0.0,0.0,0.0
2026-03-23,Y7GGP8SYT,0.0,70073.0,28.0,0.0,0.0,0.0
2026-03-24,Y7GGP8SYT,0.0,70089.0,28.0,0.0,0.0,0.0
2026-03-25,Y7GGP8SYT,0.0,70121.0,28.0,0.0,0.0,0.0
2026-03-26,Y7GGP8SYT,0.0,70137.0,28.0,0.0,0.0,0.0
2026-03-27,Y7GGP8SYT,0.0,70168.0,28.0,0.0,0.0,0.0
2026-03-28,Y7GGP8SYT,0.0,70184.0,28.0,0.0,0.0,0.0
2026-03-29,Y7GGP8SYT,0.0,70216.0,28.0,0.0,0.0,0.0
2026-03-30,Y7GGP8SYT,0.0,70232.0,28.0,0.0,0.0,0.0
2026-03-31,Y7GGP8SYT,0.0,70264.0,28.0,0.0,0.0,0.0
2026-03-02,22D0A0QUFV8G,0.0,30878.0,31.0,,0.0,0.0
2026-03-03,22D0A0QUFV8G,0.0,30899.0,31.0,,0.0,0.0
2026-03-04,22D0A0QUFV8G,0.0,30920.0,31.0,,0.0,0.0
2026-03-05,22D0A0QUFV8G,0.0,30948.0,32.0,,0.0,0.0
2026-03-06,22D0A0QUFV8G,0.0,30968.0,31.0,,0.0,0.0
2026-03-07,22D0A0QUFV8G,0.0,30996.0,31.0,,0.0,0.0
2026-03-08,22D0A0QUFV8G,0.0,31017.0,31.0,,0.0,0.0
2026-03-09,22D0A0QUFV8G,0.0,31045.0,31.0,,0.0,0.0
2026-03-10,22D0A0QUFV8G,0.0,31066.0,31.0,,0.0,0.0
2026-03-11,22D0A0QUFV8G,0.0,31086.0,31.0,,0.0,0.0
2026-03-12,22D0A0QUFV8G,0.0,31114.0,32.0,,0.0,0.0
2026-03-13,22D0A0QUFV8G,0.0,31135.0,33.0,,0.0,0.0
2026-03-14,22D0A0QUFV8G,0.0,31163.0,32.0,,0.0,0.0
2026-03-15,22D0A0QUFV8G,0.0,31184.0,32.0,,0.0,0.0
2026-03-16,22D0A0QUFV8G,0.0,31212.0,32.0,,0.0,0.0
2026-03-17,22D0A0QUFV8G,0.0,31232.0,32.0,,0.0,0.0
2026-03-18,22D0A0QUFV8G,0.0,31260.0,32.0,,0.0,0.0
2026-03-19,22D0A0QUFV8G,0.0,31281.0,32.0,,0.0,0.0
2026-03-20,22D0A0QUFV8G,0.0,31302.0,32.0,,0.0,0.0
2026-03-21,22D0A0QUFV8G,0.0,31330.0,32.0,,0.0,0.0
2026-03-22,22D0A0QUFV8G,0.0,31351.0,32.0,,0.0,0.0
2026-03-23,22D0A0QUFV8G,0.0,31379.0,31.0,,0.0,0.0
2026-03-24,22D0A0QUFV8G,0.0,31400.0,31.0,,0.0,0.0
2026-03-25,22D0A0QUFV8G,0.0,31421.0,31.0,,0.0,0.0
2026-03-26,22D0A0QUFV8G,0.0,31449.0,33.0,,0.0,0.0
2026-03-27,22D0A0QUFV8G,0.0,31470.0,33.0,,0.0,0.0
2026-03-28,22D0A0QUFV8G,0.0,31498.0,33.0,,0.0,0.0
2026-03-29,22D0A0QUFV8G,0.0,31519.0,33.0,,0.0,0.0
2026-03-30,22D0A0QUFV8G,0.0,31547.0,32.0,,0.0,0.0
2026-03-31,22D0A0QUFV8G,0.0,31568.0,32.0,,0.0,0.0
2026-03-02,92K0A0VFFVKG,0.0,28715.0,30.0,0.0,0.0,0.0
2026-03-03,92K0A0VFFVKG,0.0,28742.0,30.0,0.0,0.0,0.0
2026-03-04,92K0A0VFFVKG,0.0,28757.0,30.0,0.0,0.0,0.0
2026-03-05,92K0A0VFFVKG,0.0,28788.0,30.0,0.0,0.0,0.0
2026-03-06,92K0A0VFFVKG,0.0,28819.0,28.0,0.0,0.0,0.0
2026-03-07,92K0A0VFFVKG,0.0,28834.0,29.0,0.0,0.0,0.0
2026-03-08,92K0A0VFFVKG,0.0,28865.0,30.0,0.0,0.0,0.0
2026-03-09,92K0A0VFFVKG,0.0,28880.0,31.0,0.0,0.0,0.0
2026-03-10,92K0A0VFFVKG,0.0,28911.0,31.0,0.0,0.0,0.0
2026-03-11,92K0A0VFFVKG,0.0,28927.0,31.0,0.0,0.0,0.0
2026-03-12,92K0A0VFFVKG,0.0,28957.0,31.0,0.0,0.0,0.0
2026-03-13,92K0A0VFFVKG,0.0,28973.0,30.0,0.0,0.0,0.0
2026-03-14,92K0A0VFFVKG,0.0,29003.0,29.0,0.0,0.0,0.0
2026-03-15,92K0A0VFFVKG,0.0,29019.0,30.0,0.0,0.0,0.0
2026-03-16,92K0A0VFFVKG,0.0,29050.0,31.0,0.0,0.0,0.0
2026-03-17,92K0A0VFFVKG,0.0,29080.0,30.0,0.0,0.0,0.0
2026-03-18,92K0A0VFFVKG,0.0,29096.0,31.0,0.0,0.0,0.0
2026-03-19,92K0A0VFFVKG,0.0,29127.0,30.0,0.0,0.0,0.0
2026-03-20,92K0A0VFFVKG,0.0,29142.0,30.0,0.0,0.0,0.0
2026-03-21,92K0A0VFFVKG,0.0,29173.0,29.0,0.0,0.0,0.0
2026-03-22,92K0A0VFFVKG,0.0,29188.0,29.0,0.0,0.0,0.0
2026-03-23,92K0A0VFFVKG,0.0,29219.0,30.0,0.0,0.0,0.0
2026-03-24,92K0A0VFFVKG,0.0,29250.0,30.0,0.0,0.0,0.0
2026-03-25,92K0A0VFFVKG,0.0,29266.0,30.0,0.0,0.0,0.0
2026-03-26,92K0A0VFFVKG,0.0,29296.0,29.0,0.0,0.0,0.0
2026-03-27,92K0A0VFFVKG,0.0,29312.0,29.0,0.0,0.0,0.0
2026-03-28,92K0A0VFFVKG,0.0,29343.0,29.0,0.0,0.0,0.0
2026-03-29,92K0A0VFFVKG,0.0,29358.0,29.0,0.0,0.0,0.0
2026-03-30,92K0A0VFFVKG,0.0,29389.0,31.0,0.0,0.0,0.0
2026-03-31,92K0A0VFFVKG,0.0,29405.0,31.0,0.0,0.0,0.0
2026-02-24,51R0A1YWFVGG,0.0,39641.0,30.0,0.0,0.0,0.0
2026-02-25,51R0A1YWFVGG,0.0,39672.0,30.0,0.0,0.0,0.0
2026-02-26,51R0A1YWFVGG,0.0,39688.0,30.0,0.0,0.0,0.0
2026-02-27,51R0A1YWFVGG,0.0,39720.0,31.0,0.0,0.0,0.0
2026-02-28,51R0A1YWFVGG,0.0,39735.0,31.0,0.0,0.0,0.0
2026-03-01,51R0A1YWFVGG,0.0,39767.0,32.0,0.0,0.0,0.0
2026-03-02,51R0A1YWFVGG,0.0,39798.0,31.0,0.0,0.0,0.0
2026-03-03,51R0A1YWFVGG,0.0,39814.0,30.0,0.0,0.0,0.0
2026-03-04,51R0A1YWFVGG,0.0,39830.0,31.0,0.0,0.0,0.0
2026-03-05,51R0A1YWFVGG,0.0,39861.0,31.0,0.0,0.0,0.0
2026-03-06,51R0A1YWFVGG,0.0,39892.0,31.0,0.0,0.0,0.0
2026-03-07,51R0A1YWFVGG,0.0,39908.0,31.0,0.0,0.0,0.0
2026-03-08,51R0A1YWFVGG,0.0,39939.0,32.0,0.0,0.0,0.0
2026-03-09,51R0A1YWFVGG,0.0,39955.0,31.0,0.0,0.0,0.0
2026-03-10,51R0A1YWFVGG,0.0,39987.0,31.0,0.0,0.0,0.0
2026-03-11,51R0A1YWFVGG,0.0,40002.0,30.0,0.0,0.0,0.0
2026-03-12,51R0A1YWFVGG,0.0,40034.0,31.0,0.0,0.0,0.0
2026-03-13,51R0A1YWFVGG,0.0,40049.0,32.0,0.0,0.0,0.0
2026-03-14,51R0A1YWFVGG,0.0,40081.0,32.0,0.0,0.0,0.0
2026-03-15,51R0A1YWFVGG,0.0,40096.0,32.0,0.0,0.0,0.0
2026-03-16,51R0A1YWFVGG,0.0,40128.0,31.0,0.0,0.0,0.0
2026-03-17,51R0A1YWFVGG,0.0,40144.0,31.0,0.0,0.0,0.0
2026-03-18,51R0A1YWFVGG,0.0,40175.0,30.0,0.0,0.0,0.0
2026-03-19,51R0A1YWFVGG,0.0,40191.0,31.0,0.0,0.0,0.0
2026-03-20,51R0A1YWFVGG,0.0,40222.0,31.0,0.0,0.0,0.0
2026-03-21,51R0A1YWFVGG,0.0,40238.0,31.0,0.0,0.0,0.0
2026-03-22,51R0A1YWFVGG,0.0,40270.0,32.0,0.0,0.0,0.0
2026-03-23,51R0A1YWFVGG,0.0,40286.0,32.0,0.0,0.0,0.0
2026-03-24,51R0A1YWFVGG,0.0,40317.0,31.0,0.0,0.0,0.0
2026-03-31,51R0A1YWFVGG,0.0,40484.0,31.0,0.0,0.0,0.0
2026-03-02,7060A01VFV8G,0.0,46858.0,36.0,,0.0,0.0
2026-03-03,7060A01VFV8G,0.0,46879.0,36.0,,0.0,0.0
2026-03-04,7060A01VFV8G,0.0,46907.0,37.0,,0.0,0.0
2026-03-05,7060A01VFV8G,0.0,46928.0,36.0,,0.0,0.0
2026-03-06,7060A01VFV8G,0.0,46956.0,36.0,,0.0,0.0
2026-03-07,7060A01VFV8G,0.0,46977.0,37.0,,0.0,0.0
2026-03-08,7060A01VFV8G,0.0,47005.0,36.0,,0.0,0.0
2026-03-09,7060A01VFV8G,0.0,47026.0,36.0,,0.0,0.0
2026-03-10,7060A01VFV8G,0.0,47046.0,36.0,,0.0,0.0
2026-03-11,7060A01VFV8G,0.0,47074.0,37.0,,0.0,0.0
2026-03-12,7060A01VFV8G,0.0,47095.0,38.0,,0.0,0.0
2026-03-13,7060A01VFV8G,0.0,47116.0,39.0,,0.0,0.0
2026-03-14,7060A01VFV8G,0.0,47144.0,39.0,,0.0,0.0
2026-03-15,7060A01VFV8G,0.0,47165.0,39.0,,0.0,0.0
2026-03-16,7060A01VFV8G,0.0,47193.0,38.0,,0.0,0.0
2026-03-17,7060A01VFV8G,0.0,47214.0,39.0,,0.0,0.0
2026-03-18,7060A01VFV8G,0.0,47242.0,39.0,,0.0,0.0
2026-03-19,7060A01VFV8G,0.0,47263.0,38.0,,0.0,0.0
2026-03-20,7060A01VFV8G,0.0,47284.0,38.0,,0.0,0.0
2026-03-21,7060A01VFV8G,0.0,47312.0,38.0,,0.0,0.0
2026-03-22,7060A01VFV8G,0.0,47333.0,39.0,,0.0,0.0
2026-03-23,7060A01VFV8G,0.0,47362.0,38.0,,0.0,0.0
2026-03-24,7060A01VFV8G,0.0,47383.0,38.0,,0.0,0.0
2026-03-25,7060A01VFV8G,0.0,47404.0,38.0,,0.0,0.0
2026-03-26,7060A01VFV8G,0.0,47432.0,39.0,,0.0,0.0
2026-03-27,7060A01VFV8G,0.0,47453.0,37.0,,0.0,0.0
2026-03-28,7060A01VFV8G,0.0,47481.0,38.0,,0.0,0.0
2026-03-29,7060A01VFV8G,0.0,47502.0,38.0,,0.0,0.0
2026-03-30,7060A01VFV8G,0.0,47523.0,38.0,,0.0,0.0
2026-03-31,7060A01VFV8G,0.0,47551.0,37.0,,0.0,0.0
2026-03-02,6130A06CF97G,0.0,39724.0,34.0,0.0,0.0,25.0
2026-03-03,6130A06CF97G,0.0,39755.0,33.0,0.0,0.0,25.0
2026-03-04,6130A06CF97G,0.0,39770.0,33.0,0.0,0.0,25.0
2026-03-05,6130A06CF97G,0.0,39801.0,33.0,0.0,0.0,25.0
2026-03-06,6130A06CF97G,0.0,39817.0,33.0,0.0,0.0,25.0
2026-03-07,6130A06CF97G,0.0,39848.0,34.0,0.0,0.0,25.0
2026-03-08,6130A06CF97G,0.0,39863.0,34.0,0.0,0.0,25.0
2026-03-09,6130A06CF97G,0.0,39894.0,33.0,0.0,0.0,25.0
2026-03-10,6130A06CF97G,0.0,39925.0,33.0,0.0,0.0,25.0
2026-03-11,6130A06CF97G,0.0,39940.0,33.0,0.0,0.0,25.0
2026-03-12,6130A06CF97G,0.0,39971.0,33.0,0.0,0.0,25.0
2026-03-13,6130A06CF97G,0.0,39987.0,33.0,0.0,0.0,25.0
2026-03-14,6130A06CF97G,0.0,40017.0,33.0,0.0,0.0,25.0
2026-03-15,6130A06CF97G,0.0,40033.0,33.0,0.0,0.0,25.0
2026-03-16,6130A06CF97G,0.0,40064.0,33.0,0.0,0.0,25.0
2026-03-17,6130A06CF97G,0.0,40095.0,33.0,0.0,0.0,25.0
2026-03-18,6130A06CF97G,0.0,40110.0,33.0,0.0,0.0,25.0
2026-03-19,6130A06CF97G,0.0,40141.0,33.0,0.0,0.0,25.0
2026-03-20,6130A06CF97G,0.0,40157.0,33.0,0.0,0.0,25.0
2026-03-21,6130A06CF97G,0.0,40173.0,33.0,0.0,0.0,26.0
2026-03-22,6130A06CF97G,0.0,40205.0,34.0,0.0,0.0,27.0
2026-03-23,6130A06CF97G,0.0,40220.0,34.0,0.0,0.0,27.0
2026-03-24,6130A06CF97G,0.0,40252.0,34.0,0.0,0.0,27.0
2026-03-25,6130A06CF97G,0.0,40284.0,33.0,0.0,0.0,27.0
2026-03-26,6130A06CF97G,0.0,40299.0,33.0,0.0,0.0,27.0
2026-03-27,6130A06CF97G,0.0,40331.0,33.0,0.0,0.0,27.0
2026-03-28,6130A06CF97G,0.0,40347.0,33.0,0.0,0.0,27.0
2026-03-29,6130A06CF97G,0.0,40378.0,33.0,0.0,0.0,27.0
2026-03-30,6130A06CF97G,0.0,40394.0,34.0,0.0,0.0,27.0
2026-03-31,6130A06CF97G,0.0,40425.0,33.0,0.0,0.0,27.0
2026-03-02,11J0A0T8F97G,0.0,43887.0,30.0,0.0,0.0,0.0
2026-03-03,11J0A0T8F97G,0.0,43919.0,30.0,0.0,0.0,0.0
2026-03-04,11J0A0T8F97G,0.0,43934.0,30.0,0.0,0.0,0.0
2026-03-05,11J0A0T8F97G,0.0,43966.0,29.0,0.0,0.0,0.0
2026-03-06,11J0A0T8F97G,0.0,43981.0,29.0,0.0,0.0,0.0
2026-03-07,11J0A0T8F97G,0.0,44013.0,29.0,0.0,0.0,0.0
2026-03-08,11J0A0T8F97G,0.0,44029.0,29.0,0.0,0.0,0.0
2026-03-09,11J0A0T8F97G,0.0,44061.0,29.0,0.0,0.0,0.0
2026-03-10,11J0A0T8F97G,0.0,44092.0,30.0,0.0,0.0,0.0
2026-03-11,11J0A0T8F97G,0.0,44108.0,30.0,0.0,0.0,0.0
2026-03-12,11J0A0T8F97G,0.0,44123.0,30.0,0.0,0.0,0.0
2026-03-13,11J0A0T8F97G,0.0,44155.0,30.0,0.0,0.0,0.0
2026-03-14,11J0A0T8F97G,0.0,44170.0,30.0,0.0,0.0,0.0
2026-03-15,11J0A0T8F97G,0.0,44202.0,30.0,0.0,0.0,0.0
2026-03-16,11J0A0T8F97G,0.0,44233.0,31.0,0.0,0.0,0.0
2026-03-17,11J0A0T8F97G,0.0,44249.0,30.0,0.0,0.0,0.0
2026-03-18,11J0A0T8F97G,0.0,44280.0,30.0,0.0,0.0,0.0
2026-03-19,11J0A0T8F97G,0.0,44295.0,30.0,0.0,0.0,0.0
2026-03-20,11J0A0T8F97G,0.0,44326.0,32.0,0.0,0.0,0.0
2026-03-21,11J0A0T8F97G,0.0,44343.0,31.0,0.0,0.0,0.0
2026-03-22,11J0A0T8F97G,0.0,44374.0,33.0,0.0,0.0,0.0
2026-03-23,11J0A0T8F97G,0.0,44389.0,31.0,0.0,0.0,0.0
2026-03-24,11J0A0T8F97G,0.0,44421.0,33.0,0.0,0.0,0.0
2026-03-25,11J0A0T8F97G,0.0,44437.0,32.0,0.0,0.0,0.0
2026-03-26,11J0A0T8F97G,0.0,44469.0,35.0,0.0,0.0,0.0
2026-03-27,11J0A0T8F97G,0.0,44500.0,34.0,0.0,0.0,0.0
2026-03-28,11J0A0T8F97G,0.0,44516.0,34.0,0.0,0.0,0.0
2026-03-29,11J0A0T8F97G,0.0,44548.0,35.0,0.0,0.0,0.0
2026-03-30,11J0A0T8F97G,0.0,44563.0,36.0,0.0,0.0,0.0
2026-03-31,11J0A0T8F97G,0.0,44595.0,36.0,0.0,0.0,0.0
2026-03-02,1050A076F97G,0.0,46316.0,29.0,0.0,0.0,0.0
2026-03-03,1050A076F97G,0.0,46332.0,28.0,0.0,0.0,0.0
2026-03-04,1050A076F97G,0.0,46364.0,29.0,0.0,0.0,0.0
2026-03-05,1050A076F97G,0.0,46380.0,29.0,0.0,0.0,0.0
2026-03-06,1050A076F97G,0.0,46411.0,28.0,0.0,0.0,0.0
2026-03-07,1050A076F97G,0.0,46427.0,28.0,0.0,0.0,0.0
2026-03-08,1050A076F97G,0.0,46459.0,28.0,0.0,0.0,0.0
2026-03-09,1050A076F97G,0.0,46475.0,28.0,0.0,0.0,0.0
2026-03-10,1050A076F97G,0.0,46506.0,28.0,0.0,0.0,0.0
2026-03-11,1050A076F97G,0.0,46522.0,28.0,0.0,0.0,0.0
2026-03-12,1050A076F97G,0.0,46554.0,28.0,0.0,0.0,0.0
2026-03-13,1050A076F97G,0.0,46570.0,28.0,0.0,0.0,0.0
2026-03-14,1050A076F97G,0.0,46601.0,29.0,0.0,0.0,0.0
2026-03-15,1050A076F97G,0.0,46617.0,29.0,0.0,0.0,0.0
2026-03-16,1050A076F97G,0.0,46649.0,30.0,0.0,0.0,0.0
2026-03-17,1050A076F97G,0.0,46665.0,29.0,0.0,0.0,0.0
2026-03-18,1050A076F97G,0.0,46696.0,29.0,0.0,0.0,0.0
2026-03-19,1050A076F97G,0.0,46712.0,29.0,0.0,0.0,0.0
2026-03-20,1050A076F97G,0.0,46744.0,30.0,0.0,0.0,0.0
2026-03-21,1050A076F97G,0.0,46760.0,30.0,0.0,0.0,0.0
2026-03-22,1050A076F97G,0.0,46791.0,31.0,0.0,0.0,0.0
2026-03-23,1050A076F97G,0.0,46807.0,30.0,0.0,0.0,0.0
2026-03-24,1050A076F97G,0.0,46838.0,31.0,0.0,0.0,0.0
2026-03-25,1050A076F97G,0.0,46869.0,33.0,0.0,0.0,0.0
2026-03-26,1050A076F97G,0.0,46885.0,32.0,0.0,0.0,0.0
2026-03-27,1050A076F97G,0.0,46900.0,32.0,0.0,0.0,0.0
2026-03-28,1050A076F97G,0.0,46932.0,33.0,0.0,0.0,0.0
2026-03-29,1050A076F97G,0.0,46948.0,32.0,0.0,0.0,0.0
2026-03-30,1050A076F97G,0.0,46979.0,33.0,0.0,0.0,0.0
2026-03-31,1050A076F97G,0.0,47012.0,33.0,0.0,0.0,0.0
2026-03-02,X8D0A020F97G,0.0,55402.0,29.0,0.0,0.0,0.0
2026-03-03,X8D0A020F97G,0.0,55432.0,29.0,0.0,0.0,0.0
2026-03-04,X8D0A020F97G,0.0,55447.0,29.0,0.0,0.0,0.0
2026-03-05,X8D0A020F97G,0.0,55478.0,29.0,0.0,0.0,0.0
2026-03-06,X8D0A020F97G,0.0,55509.0,29.0,0.0,0.0,0.0
2026-03-07,X8D0A020F97G,0.0,55525.0,29.0,0.0,0.0,0.0
2026-03-08,X8D0A020F97G,0.0,55555.0,30.0,0.0,0.0,0.0
2026-03-09,X8D0A020F97G,0.0,55570.0,29.0,0.0,0.0,0.0
2026-03-10,X8D0A020F97G,0.0,55601.0,29.0,0.0,0.0,0.0
2026-03-11,X8D0A020F97G,0.0,55616.0,30.0,0.0,0.0,0.0
2026-03-12,X8D0A020F97G,0.0,55646.0,29.0,0.0,0.0,0.0
2026-03-13,X8D0A020F97G,0.0,55662.0,29.0,0.0,0.0,0.0
2026-03-14,X8D0A020F97G,0.0,55692.0,28.0,0.0,0.0,0.0
2026-03-15,X8D0A020F97G,0.0,55707.0,29.0,0.0,0.0,0.0
2026-03-16,X8D0A020F97G,0.0,55738.0,29.0,0.0,0.0,0.0
2026-03-17,X8D0A020F97G,0.0,55770.0,28.0,0.0,0.0,0.0
2026-03-18,X8D0A020F97G,0.0,55785.0,29.0,0.0,0.0,0.0
2026-03-19,X8D0A020F97G,0.0,55816.0,29.0,0.0,0.0,0.0
2026-03-20,X8D0A020F97G,0.0,55831.0,29.0,0.0,0.0,0.0
2026-03-21,X8D0A020F97G,0.0,55862.0,29.0,0.0,0.0,0.0
2026-03-22,X8D0A020F97G,0.0,55892.0,29.0,0.0,0.0,0.0
2026-03-23,X8D0A020F97G,0.0,55907.0,29.0,0.0,0.0,0.0
2026-03-24,X8D0A020F97G,0.0,55937.0,29.0,0.0,0.0,0.0
2026-03-25,X8D0A020F97G,0.0,55968.0,30.0,0.0,0.0,0.0
2026-03-26,X8D0A020F97G,0.0,55983.0,28.0,0.0,0.0,0.0
2026-03-27,X8D0A020F97G,0.0,56013.0,28.0,0.0,0.0,0.0
2026-03-28,X8D0A020F97G,0.0,56028.0,28.0,0.0,0.0,0.0
2026-03-29,X8D0A020F97G,0.0,56043.0,28.0,0.0,0.0,0.0
2026-03-30,X8D0A020F97G,0.0,56074.0,28.0,0.0,0.0,0.0
2026-03-31,X8D0A020F97G,0.0,56105.0,29.0,0.0,0.0,0.0
2026-03-02,61A0A19LF97G,0.0,40207.0,35.0,0.0,0.0,0.0
2026-03-03,61A0A19LF97G,0.0,40223.0,34.0,0.0,0.0,0.0
2026-03-04,61A0A19LF97G,0.0,40254.0,34.0,0.0,0.0,0.0
2026-03-05,61A0A19LF97G,0.0,40270.0,34.0,0.0,0.0,0.0
2026-03-06,61A0A19LF97G,0.0,40301.0,35.0,0.0,0.0,0.0
2026-03-07,61A0A19LF97G,0.0,40317.0,35.0,0.0,0.0,0.0
2026-03-08,61A0A19LF97G,0.0,40348.0,36.0,0.0,0.0,0.0
2026-03-09,61A0A19LF97G,0.0,40364.0,35.0,0.0,0.0,0.0
2026-03-10,61A0A19LF97G,0.0,40396.0,35.0,0.0,0.0,0.0
2026-03-11,61A0A19LF97G,0.0,40411.0,35.0,0.0,0.0,0.0
2026-03-12,61A0A19LF97G,0.0,40443.0,35.0,0.0,0.0,0.0
2026-03-13,61A0A19LF97G,0.0,40459.0,35.0,0.0,0.0,0.0
2026-03-14,61A0A19LF97G,0.0,40490.0,35.0,0.0,0.0,0.0
2026-03-15,61A0A19LF97G,0.0,40506.0,35.0,0.0,0.0,0.0
2026-03-16,61A0A19LF97G,0.0,40537.0,35.0,0.0,0.0,0.0
2026-03-17,61A0A19LF97G,0.0,40553.0,34.0,0.0,0.0,0.0
2026-03-18,61A0A19LF97G,0.0,40584.0,35.0,0.0,0.0,0.0
2026-03-19,61A0A19LF97G,0.0,40600.0,34.0,0.0,0.0,0.0
2026-03-20,61A0A19LF97G,0.0,40631.0,34.0,0.0,0.0,0.0
2026-03-21,61A0A19LF97G,0.0,40647.0,34.0,0.0,0.0,0.0
2026-03-22,61A0A19LF97G,0.0,40679.0,34.0,0.0,0.0,0.0
2026-03-23,61A0A19LF97G,0.0,40695.0,35.0,0.0,0.0,0.0
2026-03-24,61A0A19LF97G,0.0,40726.0,34.0,0.0,0.0,0.0
2026-03-25,61A0A19LF97G,0.0,40742.0,34.0,0.0,0.0,0.0
2026-03-26,61A0A19LF97G,0.0,40774.0,34.0,0.0,0.0,0.0
2026-03-27,61A0A19LF97G,0.0,40790.0,34.0,0.0,0.0,0.0
2026-03-28,61A0A19LF97G,0.0,40821.0,34.0,0.0,0.0,0.0
2026-03-29,61A0A19LF97G,0.0,40837.0,34.0,0.0,0.0,0.0
2026-03-30,61A0A19LF97G,0.0,40868.0,34.0,0.0,0.0,0.0
2026-03-31,61A0A19LF97G,0.0,40884.0,34.0,0.0,0.0,0.0
2026-03-02,6210A1B2FVKG,0.0,30866.0,38.0,0.0,0.0,0.0
2026-03-03,6210A1B2FVKG,0.0,30882.0,37.0,0.0,0.0,0.0
2026-03-04,6210A1B2FVKG,0.0,30912.0,37.0,0.0,0.0,0.0
2026-03-05,6210A1B2FVKG,0.0,30928.0,37.0,0.0,0.0,0.0
2026-03-06,6210A1B2FVKG,0.0,30959.0,36.0,0.0,0.0,0.0
2026-03-07,6210A1B2FVKG,0.0,30989.0,37.0,0.0,0.0,0.0
2026-03-08,6210A1B2FVKG,0.0,31005.0,36.0,0.0,0.0,0.0
2026-03-09,6210A1B2FVKG,0.0,31036.0,37.0,0.0,0.0,0.0
2026-03-10,6210A1B2FVKG,0.0,31051.0,37.0,0.0,0.0,0.0
2026-03-11,6210A1B2FVKG,0.0,31082.0,37.0,0.0,0.0,0.0
2026-03-12,6210A1B2FVKG,0.0,31097.0,38.0,0.0,0.0,0.0
2026-03-13,6210A1B2FVKG,0.0,31128.0,37.0,0.0,0.0,0.0
2026-03-14,6210A1B2FVKG,0.0,31143.0,37.0,0.0,0.0,0.0
2026-03-15,6210A1B2FVKG,0.0,31174.0,37.0,0.0,0.0,0.0
2026-03-16,6210A1B2FVKG,0.0,31205.0,37.0,0.0,0.0,0.0
2026-03-17,6210A1B2FVKG,0.0,31220.0,37.0,0.0,0.0,0.0
2026-03-18,6210A1B2FVKG,0.0,31251.0,37.0,0.0,0.0,0.0
2026-03-19,6210A1B2FVKG,0.0,31267.0,37.0,0.0,0.0,0.0
2026-03-20,6210A1B2FVKG,0.0,31298.0,37.0,0.0,0.0,0.0
2026-03-21,6210A1B2FVKG,0.0,31313.0,38.0,0.0,0.0,0.0
2026-03-22,6210A1B2FVKG,0.0,31344.0,36.0,0.0,0.0,0.0
2026-03-23,6210A1B2FVKG,0.0,31359.0,37.0,0.0,0.0,0.0
2026-03-24,6210A1B2FVKG,0.0,31390.0,38.0,0.0,0.0,0.0
2026-03-25,6210A1B2FVKG,0.0,31421.0,37.0,0.0,0.0,0.0
2026-03-26,6210A1B2FVKG,0.0,31452.0,39.0,0.0,0.0,0.0
2026-03-27,6210A1B2FVKG,0.0,31467.0,39.0,0.0,0.0,0.0
2026-03-28,6210A1B2FVKG,0.0,31498.0,39.0,0.0,0.0,0.0
2026-03-29,6210A1B2FVKG,0.0,31514.0,39.0,0.0,0.0,0.0
2026-03-30,6210A1B2FVKG,0.0,31545.0,38.0,0.0,0.0,0.0
2026-03-31,6210A1B2FVKG,0.0,31560.0,39.0,0.0,0.0,0.0
2026-03-02,51T0A31UFVGG,0.0,37762.0,27.0,0.0,0.0,0.0
2026-03-03,51T0A31UFVGG,0.0,37778.0,28.0,0.0,0.0,0.0
2026-03-04,51T0A31UFVGG,0.0,37809.0,27.0,0.0,0.0,0.0
2026-03-05,51T0A31UFVGG,0.0,37825.0,27.0,0.0,0.0,0.0
2026-03-06,51T0A31UFVGG,0.0,37856.0,29.0,0.0,0.0,0.0
2026-03-07,51T0A31UFVGG,0.0,37872.0,28.0,0.0,0.0,0.0
2026-03-08,51T0A31UFVGG,0.0,37903.0,29.0,0.0,0.0,0.0
2026-03-09,51T0A31UFVGG,0.0,37935.0,28.0,0.0,0.0,0.0
2026-03-10,51T0A31UFVGG,0.0,37950.0,28.0,0.0,0.0,0.0
2026-03-11,51T0A31UFVGG,0.0,37982.0,28.0,0.0,0.0,0.0
2026-03-12,51T0A31UFVGG,0.0,38013.0,28.0,0.0,0.0,0.0
2026-03-13,51T0A31UFVGG,0.0,38029.0,29.0,0.0,0.0,0.0
2026-03-14,51T0A31UFVGG,0.0,38044.0,28.0,0.0,0.0,0.0
2026-03-15,51T0A31UFVGG,0.0,38076.0,28.0,0.0,0.0,0.0
2026-03-16,51T0A31UFVGG,0.0,38092.0,28.0,0.0,0.0,0.0
2026-03-17,51T0A31UFVGG,0.0,38124.0,27.0,0.0,0.0,0.0
2026-03-18,51T0A31UFVGG,0.0,38139.0,27.0,0.0,0.0,0.0
2026-03-19,51T0A31UFVGG,0.0,38171.0,27.0,0.0,0.0,0.0
2026-03-20,51T0A31UFVGG,0.0,38187.0,27.0,0.0,0.0,0.0
2026-03-21,51T0A31UFVGG,0.0,38218.0,29.0,0.0,0.0,0.0
2026-03-22,51T0A31UFVGG,0.0,38234.0,29.0,0.0,0.0,0.0
2026-03-23,51T0A31UFVGG,0.0,38266.0,28.0,0.0,0.0,0.0
2026-03-24,51T0A31UFVGG,0.0,38298.0,29.0,0.0,0.0,0.0
2026-03-25,51T0A31UFVGG,0.0,38313.0,28.0,0.0,0.0,0.0
2026-03-26,51T0A31UFVGG,0.0,38329.0,28.0,0.0,0.0,0.0
2026-03-27,51T0A31UFVGG,0.0,38361.0,29.0,0.0,0.0,0.0
2026-03-28,51T0A31UFVGG,0.0,38377.0,28.0,0.0,0.0,0.0
2026-03-29,51T0A31UFVGG,0.0,38408.0,28.0,0.0,0.0,0.0
2026-03-30,51T0A31UFVGG,0.0,38424.0,29.0,0.0,0.0,0.0
2026-03-31,51T0A31UFVGG,0.0,38456.0,27.0,0.0,0.0,0.0
2026-03-02,10A0A03AF97G,0.0,53013.0,36.0,0.0,0.0,0.0
2026-03-03,10A0A03AF97G,0.0,53028.0,35.0,0.0,0.0,0.0
2026-03-04,10A0A03AF97G,0.0,53059.0,35.0,0.0,0.0,0.0
2026-03-05,10A0A03AF97G,0.0,53075.0,34.0,0.0,0.0,0.0
2026-03-06,10A0A03AF97G,0.0,53106.0,35.0,0.0,0.0,0.0
2026-03-07,10A0A03AF97G,0.0,53137.0,36.0,0.0,0.0,0.0
2026-03-08,10A0A03AF97G,0.0,53153.0,36.0,0.0,0.0,0.0
2026-03-09,10A0A03AF97G,0.0,53184.0,36.0,0.0,0.0,0.0
2026-03-10,10A0A03AF97G,0.0,53200.0,35.0,0.0,0.0,0.0
2026-03-11,10A0A03AF97G,0.0,53231.0,35.0,0.0,0.0,0.0
2026-03-12,10A0A03AF97G,0.0,53246.0,35.0,0.0,0.0,0.0
2026-03-13,10A0A03AF97G,0.0,53278.0,36.0,0.0,0.0,0.0
2026-03-14,10A0A03AF97G,0.0,53293.0,35.0,0.0,0.0,0.0
2026-03-15,10A0A03AF97G,0.0,53325.0,36.0,0.0,0.0,0.0
2026-03-16,10A0A03AF97G,0.0,53340.0,35.0,0.0,0.0,0.0
2026-03-17,10A0A03AF97G,0.0,53371.0,35.0,0.0,0.0,0.0
2026-03-18,10A0A03AF97G,0.0,53387.0,35.0,0.0,0.0,0.0
2026-03-19,10A0A03AF97G,0.0,53418.0,35.0,0.0,0.0,0.0
2026-03-20,10A0A03AF97G,0.0,53434.0,36.0,0.0,0.0,0.0
2026-03-21,10A0A03AF97G,0.0,53465.0,35.0,0.0,0.0,0.0
2026-03-22,10A0A03AF97G,0.0,53481.0,35.0,0.0,0.0,0.0
2026-03-23,10A0A03AF97G,0.0,53513.0,35.0,0.0,0.0,0.0
2026-03-24,10A0A03AF97G,0.0,53544.0,35.0,0.0,0.0,0.0
2026-03-25,10A0A03AF97G,0.0,53560.0,35.0,0.0,0.0,0.0
2026-03-26,10A0A03AF97G,0.0,53575.0,35.0,0.0,0.0,0.0
2026-03-27,10A0A03AF97G,0.0,53607.0,35.0,0.0,0.0,0.0
2026-03-28,10A0A03AF97G,0.0,53638.0,34.0,0.0,0.0,0.0
2026-03-29,10A0A03AF97G,0.0,53654.0,35.0,0.0,0.0,0.0
2026-03-30,10A0A03AF97G,0.0,53685.0,34.0,0.0,0.0,0.0
2026-03-31,10A0A03AF97G,0.0,53701.0,35.0,0.0,0.0,0.0
2026-03-02,70E0A00RF97G,0.0,42604.0,28.0,0.0,0.0,0.0
2026-03-03,70E0A00RF97G,0.0,42636.0,28.0,0.0,0.0,0.0
2026-03-04,70E0A00RF97G,0.0,42651.0,27.0,0.0,0.0,0.0
2026-03-05,70E0A00RF97G,0.0,42683.0,28.0,0.0,0.0,0.0
2026-03-06,70E0A00RF97G,0.0,42714.0,28.0,0.0,0.0,0.0
2026-03-07,70E0A00RF97G,0.0,42729.0,28.0,0.0,0.0,0.0
2026-03-08,70E0A00RF97G,0.0,42760.0,27.0,0.0,0.0,0.0
2026-03-09,70E0A00RF97G,0.0,42776.0,27.0,0.0,0.0,0.0
2026-03-10,70E0A00RF97G,0.0,42807.0,28.0,0.0,0.0,0.0
2026-03-11,70E0A00RF97G,0.0,42823.0,27.0,0.0,0.0,0.0
2026-03-12,70E0A00RF97G,0.0,42854.0,29.0,0.0,0.0,0.0
2026-03-13,70E0A00RF97G,0.0,42869.0,28.0,0.0,0.0,0.0
2026-03-14,70E0A00RF97G,0.0,42900.0,28.0,0.0,0.0,0.0
2026-03-15,70E0A00RF97G,0.0,42916.0,28.0,0.0,0.0,0.0
2026-03-16,70E0A00RF97G,0.0,42947.0,28.0,0.0,0.0,0.0
2026-03-17,70E0A00RF97G,0.0,42978.0,29.0,0.0,0.0,0.0
2026-03-18,70E0A00RF97G,0.0,42993.0,28.0,0.0,0.0,0.0
2026-03-19,70E0A00RF97G,0.0,43025.0,28.0,0.0,0.0,0.0
2026-03-20,70E0A00RF97G,0.0,43040.0,28.0,0.0,0.0,0.0
2026-03-21,70E0A00RF97G,0.0,43071.0,28.0,0.0,0.0,0.0
2026-03-22,70E0A00RF97G,0.0,43087.0,28.0,0.0,0.0,0.0
2026-03-23,70E0A00RF97G,0.0,43118.0,28.0,0.0,0.0,0.0
2026-03-24,70E0A00RF97G,0.0,43134.0,28.0,0.0,0.0,0.0
2026-03-25,70E0A00RF97G,0.0,43165.0,28.0,0.0,0.0,0.0
2026-03-26,70E0A00RF97G,0.0,43180.0,28.0,0.0,0.0,0.0
2026-03-27,70E0A00RF97G,0.0,43212.0,28.0,0.0,0.0,0.0
2026-03-28,70E0A00RF97G,0.0,43243.0,28.0,0.0,0.0,0.0
2026-03-29,70E0A00RF97G,0.0,43259.0,28.0,0.0,0.0,0.0
2026-03-30,70E0A00RF97G,0.0,43290.0,29.0,0.0,0.0,0.0
2026-03-31,70E0A00RF97G,0.0,43306.0,28.0,0.0,0.0,0.0
2026-03-02,1270A15LFVKG,0.0,22878.0,34.0,0.0,0.0,0.0
2026-03-03,1270A15LFVKG,0.0,22894.0,34.0,0.0,0.0,0.0
2026-03-04,1270A15LFVKG,0.0,22925.0,35.0,0.0,0.0,0.0
2026-03-05,1270A15LFVKG,0.0,22941.0,34.0,0.0,0.0,0.0
2026-03-06,1270A15LFVKG,0.0,22972.0,33.0,0.0,0.0,0.0
2026-03-07,1270A15LFVKG,0.0,22988.0,34.0,0.0,0.0,0.0
2026-03-08,1270A15LFVKG,0.0,23019.0,34.0,0.0,0.0,0.0
2026-03-09,1270A15LFVKG,0.0,23035.0,34.0,0.0,0.0,0.0
2026-03-10,1270A15LFVKG,0.0,23067.0,35.0,0.0,0.0,0.0
2026-03-11,1270A15LFVKG,0.0,23082.0,34.0,0.0,0.0,0.0
2026-03-12,1270A15LFVKG,0.0,23114.0,34.0,0.0,0.0,0.0
2026-03-13,1270A15LFVKG,0.0,23129.0,34.0,0.0,0.0,0.0
2026-03-14,1270A15LFVKG,0.0,23161.0,34.0,0.0,0.0,0.0
2026-03-15,1270A15LFVKG,0.0,23176.0,34.0,0.0,0.0,0.0
2026-03-16,1270A15LFVKG,0.0,23208.0,35.0,0.0,0.0,0.0
2026-03-17,1270A15LFVKG,0.0,23224.0,34.0,0.0,0.0,0.0
2026-03-18,1270A15LFVKG,0.0,23255.0,35.0,0.0,0.0,0.0
2026-03-19,1270A15LFVKG,0.0,23286.0,35.0,0.0,0.0,0.0
2026-03-20,1270A15LFVKG,0.0,23302.0,34.0,0.0,0.0,0.0
2026-03-21,1270A15LFVKG,0.0,23334.0,36.0,0.0,0.0,0.0
2026-03-22,1270A15LFVKG,0.0,23350.0,35.0,0.0,0.0,0.0
2026-03-23,1270A15LFVKG,0.0,23381.0,36.0,0.0,0.0,0.0
2026-03-24,1270A15LFVKG,0.0,23397.0,36.0,0.0,0.0,0.0
2026-03-25,1270A15LFVKG,0.0,23413.0,36.0,0.0,0.0,0.0
2026-03-26,1270A15LFVKG,0.0,23444.0,37.0,0.0,0.0,0.0
2026-03-27,1270A15LFVKG,0.0,23476.0,37.0,0.0,0.0,0.0
2026-03-28,1270A15LFVKG,0.0,23492.0,38.0,0.0,0.0,0.0
2026-03-29,1270A15LFVKG,0.0,23523.0,38.0,0.0,0.0,0.0
2026-03-30,1270A15LFVKG,0.0,23539.0,37.0,0.0,0.0,0.0
2026-03-31,1270A15LFVKG,0.0,23571.0,38.0,0.0,0.0,0.0
2026-03-02,23K0A045FVKG,0.0,17435.0,23.0,0.0,0.0,0.0
2026-03-03,23K0A045FVKG,0.0,17465.0,24.0,0.0,0.0,0.0
2026-03-04,23K0A045FVKG,0.0,17481.0,23.0,0.0,0.0,0.0
2026-03-05,23K0A045FVKG,0.0,17511.0,23.0,0.0,0.0,0.0
2026-03-06,23K0A045FVKG,0.0,17527.0,23.0,0.0,0.0,0.0
2026-03-07,23K0A045FVKG,0.0,17557.0,24.0,0.0,0.0,0.0
2026-03-08,23K0A045FVKG,0.0,17573.0,24.0,0.0,0.0,0.0
2026-03-09,23K0A045FVKG,0.0,17603.0,23.0,0.0,0.0,0.0
2026-03-10,23K0A045FVKG,0.0,17634.0,23.0,0.0,0.0,0.0
2026-03-11,23K0A045FVKG,0.0,17650.0,24.0,0.0,0.0,0.0
2026-03-12,23K0A045FVKG,0.0,17680.0,25.0,0.0,0.0,0.0
2026-03-13,23K0A045FVKG,0.0,17696.0,24.0,0.0,0.0,0.0
2026-03-14,23K0A045FVKG,0.0,17727.0,25.0,0.0,0.0,0.0
2026-03-15,23K0A045FVKG,0.0,17742.0,24.0,0.0,0.0,0.0
2026-03-16,23K0A045FVKG,0.0,17773.0,24.0,0.0,0.0,0.0
2026-03-17,23K0A045FVKG,0.0,17788.0,24.0,0.0,0.0,0.0
2026-03-18,23K0A045FVKG,0.0,17819.0,23.0,0.0,0.0,0.0
2026-03-19,23K0A045FVKG,0.0,17834.0,23.0,0.0,0.0,0.0
2026-03-20,23K0A045FVKG,0.0,17865.0,22.0,0.0,0.0,0.0
2026-03-21,23K0A045FVKG,0.0,17896.0,23.0,0.0,0.0,0.0
2026-03-22,23K0A045FVKG,0.0,17911.0,24.0,0.0,0.0,0.0
2026-03-23,23K0A045FVKG,0.0,17942.0,23.0,0.0,0.0,0.0
2026-03-24,23K0A045FVKG,0.0,17958.0,23.0,0.0,0.0,0.0
2026-03-25,23K0A045FVKG,0.0,17988.0,24.0,0.0,0.0,0.0
2026-03-26,23K0A045FVKG,0.0,18004.0,24.0,0.0,0.0,0.0
2026-03-27,23K0A045FVKG,0.0,18035.0,23.0,0.0,0.0,0.0
2026-03-28,23K0A045FVKG,0.0,18050.0,24.0,0.0,0.0,0.0
2026-03-29,23K0A045FVKG,0.0,18081.0,24.0,0.0,0.0,0.0
2026-03-30,23K0A045FVKG,0.0,18097.0,23.0,0.0,0.0,0.0
2026-03-31,23K0A045FVKG,0.0,18127.0,23.0,0.0,0.0,0.0
2026-03-02,6250A15WFVKG,0.0,28955.0,27.0,0.0,0.0,0.0
2026-03-03,6250A15WFVKG,0.0,28970.0,26.0,0.0,0.0,0.0
2026-03-04,6250A15WFVKG,0.0,29001.0,26.0,0.0,0.0,0.0
2026-03-05,6250A15WFVKG,0.0,29016.0,26.0,0.0,0.0,0.0
2026-03-06,6250A15WFVKG,0.0,29047.0,28.0,0.0,0.0,0.0
2026-03-07,6250A15WFVKG,0.0,29062.0,27.0,0.0,0.0,0.0
2026-03-08,6250A15WFVKG,0.0,29093.0,27.0,0.0,0.0,0.0
2026-03-09,6250A15WFVKG,0.0,29109.0,26.0,0.0,0.0,0.0
2026-03-10,6250A15WFVKG,0.0,29139.0,26.0,0.0,0.0,0.0
2026-03-11,6250A15WFVKG,0.0,29155.0,26.0,0.0,0.0,0.0
2026-03-12,6250A15WFVKG,0.0,29186.0,26.0,0.0,0.0,0.0
2026-03-13,6250A15WFVKG,0.0,29216.0,27.0,0.0,0.0,0.0
2026-03-14,6250A15WFVKG,0.0,29232.0,27.0,0.0,0.0,0.0
2026-03-15,6250A15WFVKG,0.0,29262.0,27.0,0.0,0.0,0.0
2026-03-16,6250A15WFVKG,0.0,29278.0,26.0,0.0,0.0,0.0
2026-03-17,6250A15WFVKG,0.0,29309.0,26.0,0.0,0.0,0.0
2026-03-18,6250A15WFVKG,0.0,29324.0,26.0,0.0,0.0,0.0
2026-03-19,6250A15WFVKG,0.0,29355.0,26.0,0.0,0.0,0.0
2026-03-20,6250A15WFVKG,0.0,29370.0,26.0,0.0,0.0,0.0
2026-03-21,6250A15WFVKG,0.0,29401.0,27.0,0.0,0.0,0.0
2026-03-22,6250A15WFVKG,0.0,29432.0,26.0,0.0,0.0,0.0
2026-03-23,6250A15WFVKG,0.0,29448.0,25.0,0.0,0.0,0.0
2026-03-24,6250A15WFVKG,0.0,29479.0,25.0,0.0,0.0,0.0
2026-03-25,6250A15WFVKG,0.0,29509.0,25.0,0.0,0.0,0.0
2026-03-26,6250A15WFVKG,0.0,29525.0,25.0,0.0,0.0,0.0
2026-03-27,6250A15WFVKG,0.0,29556.0,27.0,0.0,0.0,0.0
2026-03-28,6250A15WFVKG,0.0,29571.0,26.0,0.0,0.0,0.0
2026-03-29,6250A15WFVKG,0.0,29602.0,27.0,0.0,0.0,0.0
2026-03-30,6250A15WFVKG,0.0,29618.0,26.0,0.0,0.0,0.0
2026-03-31,6250A15WFVKG,0.0,29649.0,26.0,0.0,0.0,0.0
2026-03-02,Z820A045F97G,0.0,55311.0,36.0,0.0,0.0,0.0
2026-03-03,Z820A045F97G,0.0,55342.0,36.0,0.0,0.0,0.0
2026-03-04,Z820A045F97G,0.0,55358.0,35.0,0.0,0.0,0.0
2026-03-05,Z820A045F97G,0.0,55389.0,37.0,0.0,0.0,0.0
2026-03-06,Z820A045F97G,0.0,55405.0,36.0,0.0,0.0,0.0
2026-03-07,Z820A045F97G,0.0,55436.0,35.0,0.0,0.0,0.0
2026-03-08,Z820A045F97G,0.0,55467.0,36.0,0.0,0.0,0.0
2026-03-09,Z820A045F97G,0.0,55483.0,36.0,0.0,0.0,0.0
2026-03-10,Z820A045F97G,0.0,55514.0,37.0,0.0,0.0,0.0
2026-03-11,Z820A045F97G,0.0,55530.0,36.0,0.0,0.0,0.0
2026-03-12,Z820A045F97G,0.0,55546.0,36.0,0.0,0.0,0.0
2026-03-13,Z820A045F97G,0.0,55577.0,36.0,0.0,0.0,0.0
2026-03-14,Z820A045F97G,0.0,55608.0,36.0,0.0,0.0,0.0
2026-03-15,Z820A045F97G,0.0,55624.0,37.0,0.0,0.0,0.0
2026-03-16,Z820A045F97G,0.0,55655.0,38.0,0.0,0.0,0.0
2026-03-17,Z820A045F97G,0.0,55671.0,37.0,0.0,0.0,0.0
2026-03-18,Z820A045F97G,0.0,55702.0,36.0,0.0,0.0,0.0
2026-03-19,Z820A045F97G,0.0,55718.0,36.0,0.0,0.0,0.0
2026-03-20,Z820A045F97G,0.0,55750.0,38.0,0.0,0.0,0.0
2026-03-21,Z820A045F97G,0.0,55766.0,39.0,0.0,0.0,0.0
2026-03-22,Z820A045F97G,0.0,55797.0,39.0,0.0,0.0,0.0
2026-03-23,Z820A045F97G,0.0,55829.0,39.0,0.0,0.0,0.0
2026-03-24,Z820A045F97G,0.0,55845.0,39.0,0.0,0.0,0.0
2026-03-25,Z820A045F97G,0.0,55876.0,40.0,0.0,0.0,0.0
2026-03-26,Z820A045F97G,0.0,55892.0,40.0,0.0,0.0,0.0
2026-03-27,Z820A045F97G,0.0,55924.0,43.0,0.0,0.0,0.0
2026-03-28,Z820A045F97G,0.0,55939.0,42.0,0.0,0.0,0.0
2026-03-29,Z820A045F97G,0.0,55971.0,41.0,0.0,0.0,0.0
2026-03-30,Z820A045F97G,0.0,55987.0,41.0,0.0,0.0,0.0
2026-03-31,Z820A045F97G,0.0,56018.0,41.0,0.0,0.0,0.0
2026-03-02,5080A020F97G,0.0,47986.0,37.0,0.0,0.0,2.0
2026-03-03,5080A020F97G,0.0,48017.0,36.0,0.0,0.0,2.0
2026-03-04,5080A020F97G,0.0,48033.0,36.0,0.0,0.0,2.0
2026-03-05,5080A020F97G,0.0,48064.0,36.0,0.0,0.0,2.0
2026-03-06,5080A020F97G,0.0,48080.0,36.0,0.0,0.0,2.0
2026-03-07,5080A020F97G,0.0,48111.0,35.0,0.0,0.0,2.0
2026-03-08,5080A020F97G,0.0,48127.0,34.0,0.0,0.0,2.0
2026-03-09,5080A020F97G,0.0,48158.0,34.0,0.0,0.0,2.0
2026-03-10,5080A020F97G,0.0,48190.0,36.0,0.0,0.0,2.0
2026-03-11,5080A020F97G,0.0,48205.0,35.0,0.0,0.0,2.0
2026-03-12,5080A020F97G,0.0,48221.0,35.0,0.0,0.0,2.0
2026-03-13,5080A020F97G,0.0,48253.0,36.0,0.0,0.0,2.0
2026-03-14,5080A020F97G,0.0,48284.0,37.0,0.0,0.0,2.0
2026-03-15,5080A020F97G,0.0,48300.0,36.0,0.0,0.0,2.0
2026-03-16,5080A020F97G,0.0,48331.0,37.0,0.0,0.0,2.0
2026-03-17,5080A020F97G,0.0,48347.0,35.0,0.0,0.0,2.0
2026-03-18,5080A020F97G,0.0,48378.0,36.0,0.0,0.0,2.0
2026-03-19,5080A020F97G,0.0,48394.0,36.0,0.0,0.0,2.0
2026-03-20,5080A020F97G,0.0,48426.0,38.0,0.0,0.0,2.0
2026-03-21,5080A020F97G,0.0,48442.0,37.0,0.0,0.0,2.0
2026-03-22,5080A020F97G,0.0,48473.0,38.0,0.0,0.0,2.0
2026-03-23,5080A020F97G,0.0,48489.0,37.0,0.0,0.0,2.0
2026-03-24,5080A020F97G,0.0,48521.0,39.0,0.0,0.0,2.0
2026-03-25,5080A020F97G,0.0,48537.0,39.0,0.0,0.0,2.0
2026-03-26,5080A020F97G,0.0,48568.0,40.0,0.0,0.0,2.0
2026-03-27,5080A020F97G,0.0,48584.0,40.0,0.0,0.0,2.0
2026-03-28,5080A020F97G,0.0,48616.0,39.0,0.0,0.0,2.0
2026-03-29,5080A020F97G,0.0,48632.0,39.0,0.0,0.0,2.0
2026-03-30,5080A020F97G,0.0,48663.0,41.0,0.0,0.0,2.0
2026-03-31,5080A020F97G,0.0,48679.0,41.0,0.0,0.0,2.0
2026-03-02,43S0A01MFVKG,0.0,21955.0,37.0,0.0,0.0,0.0
2026-03-03,43S0A01MFVKG,0.0,21971.0,38.0,0.0,0.0,0.0
2026-03-04,43S0A01MFVKG,0.0,22001.0,37.0,0.0,0.0,0.0
2026-03-05,43S0A01MFVKG,0.0,22017.0,38.0,0.0,0.0,0.0
2026-03-06,43S0A01MFVKG,0.0,22047.0,37.0,0.0,0.0,0.0
2026-03-07,43S0A01MFVKG,0.0,22078.0,38.0,0.0,0.0,0.0
2026-03-08,43S0A01MFVKG,0.0,22094.0,38.0,0.0,0.0,0.0
2026-03-09,43S0A01MFVKG,0.0,22124.0,37.0,0.0,0.0,0.0
2026-03-10,43S0A01MFVKG,0.0,22140.0,38.0,0.0,0.0,0.0
2026-03-11,43S0A01MFVKG,0.0,22170.0,38.0,0.0,0.0,0.0
2026-03-12,43S0A01MFVKG,0.0,22186.0,37.0,0.0,0.0,0.0
2026-03-13,43S0A01MFVKG,0.0,22216.0,39.0,0.0,0.0,0.0
2026-03-14,43S0A01MFVKG,0.0,22232.0,38.0,0.0,0.0,0.0
2026-03-15,43S0A01MFVKG,0.0,22262.0,38.0,0.0,0.0,0.0
2026-03-16,43S0A01MFVKG,0.0,22293.0,37.0,0.0,0.0,0.0
2026-03-17,43S0A01MFVKG,0.0,22308.0,38.0,0.0,0.0,0.0
2026-03-18,43S0A01MFVKG,0.0,22339.0,36.0,0.0,0.0,0.0
2026-03-19,43S0A01MFVKG,0.0,22354.0,38.0,0.0,0.0,0.0
2026-03-20,43S0A01MFVKG,0.0,22385.0,37.0,0.0,0.0,0.0
2026-03-21,43S0A01MFVKG,0.0,22401.0,39.0,0.0,0.0,0.0
2026-03-22,43S0A01MFVKG,0.0,22432.0,38.0,0.0,0.0,0.0
2026-03-23,43S0A01MFVKG,0.0,22447.0,39.0,0.0,0.0,0.0
2026-03-24,43S0A01MFVKG,0.0,22478.0,38.0,0.0,0.0,0.0
2026-03-25,43S0A01MFVKG,0.0,22493.0,39.0,0.0,0.0,0.0
2026-03-26,43S0A01MFVKG,0.0,22524.0,38.0,0.0,0.0,0.0
2026-03-27,43S0A01MFVKG,0.0,22555.0,40.0,0.0,0.0,0.0
2026-03-28,43S0A01MFVKG,0.0,22570.0,37.0,0.0,0.0,0.0
2026-03-29,43S0A01MFVKG,0.0,22601.0,37.0,0.0,0.0,0.0
2026-03-30,43S0A01MFVKG,0.0,22616.0,37.0,0.0,0.0,0.0
2026-03-31,43S0A01MFVKG,0.0,22647.0,37.0,0.0,0.0,0.0
2026-03-02,78B0A05EF97G,0.0,64990.0,32.0,0.0,0.0,0.0
2026-03-03,78B0A05EF97G,0.0,65022.0,32.0,0.0,0.0,0.0
2026-03-04,78B0A05EF97G,0.0,65037.0,32.0,0.0,0.0,0.0
2026-03-05,78B0A05EF97G,0.0,65053.0,32.0,0.0,0.0,0.0
2026-03-06,78B0A05EF97G,0.0,65084.0,30.0,0.0,0.0,0.0
2026-03-07,78B0A05EF97G,0.0,65116.0,31.0,0.0,0.0,0.0
2026-03-08,78B0A05EF97G,0.0,65132.0,30.0,0.0,0.0,0.0
2026-03-09,78B0A05EF97G,0.0,65163.0,31.0,0.0,0.0,0.0
2026-03-10,78B0A05EF97G,0.0,65179.0,30.0,0.0,0.0,0.0
2026-03-11,78B0A05EF97G,0.0,65210.0,32.0,0.0,0.0,0.0
2026-03-12,78B0A05EF97G,0.0,65226.0,31.0,0.0,0.0,0.0
2026-03-13,78B0A05EF97G,0.0,65257.0,32.0,0.0,0.0,0.0
2026-03-14,78B0A05EF97G,0.0,65273.0,31.0,0.0,0.0,0.0
2026-03-15,78B0A05EF97G,0.0,65305.0,33.0,0.0,0.0,0.0
2026-03-16,78B0A05EF97G,0.0,65321.0,33.0,0.0,0.0,0.0
2026-03-17,78B0A05EF97G,0.0,65352.0,31.0,0.0,0.0,0.0
2026-03-18,78B0A05EF97G,0.0,65368.0,31.0,0.0,0.0,0.0
2026-03-19,78B0A05EF97G,0.0,65399.0,33.0,0.0,0.0,0.0
2026-03-20,78B0A05EF97G,0.0,65415.0,32.0,0.0,0.0,0.0
2026-03-21,78B0A05EF97G,0.0,65447.0,33.0,0.0,0.0,0.0
2026-03-22,78B0A05EF97G,0.0,65463.0,33.0,0.0,0.0,0.0
2026-03-23,78B0A05EF97G,0.0,65494.0,34.0,0.0,0.0,0.0
2026-03-24,78B0A05EF97G,0.0,65510.0,34.0,0.0,0.0,0.0
2026-03-25,78B0A05EF97G,0.0,65542.0,34.0,0.0,0.0,0.0
2026-03-26,78B0A05EF97G,0.0,65573.0,36.0,0.0,0.0,0.0
2026-03-27,78B0A05EF97G,0.0,65589.0,36.0,0.0,0.0,0.0
2026-03-28,78B0A05EF97G,0.0,65620.0,36.0,0.0,0.0,0.0
2026-03-29,78B0A05EF97G,0.0,65636.0,36.0,0.0,0.0,0.0
2026-03-30,78B0A05EF97G,0.0,65667.0,37.0,0.0,0.0,0.0
2026-03-31,78B0A05EF97G,0.0,65682.0,37.0,0.0,0.0,0.0
2026-03-02,10A0A03YF97G,0.0,53007.0,31.0,0.0,0.0,0.0
2026-03-03,10A0A03YF97G,0.0,53038.0,31.0,0.0,0.0,0.0
2026-03-04,10A0A03YF97G,0.0,53054.0,31.0,0.0,0.0,0.0
2026-03-05,10A0A03YF97G,0.0,53085.0,31.0,0.0,0.0,0.0
2026-03-06,10A0A03YF97G,0.0,53101.0,31.0,0.0,0.0,0.0
2026-03-07,10A0A03YF97G,0.0,53132.0,31.0,0.0,0.0,0.0
2026-03-08,10A0A03YF97G,0.0,53148.0,31.0,0.0,0.0,0.0
2026-03-09,10A0A03YF97G,0.0,53179.0,31.0,0.0,0.0,0.0
2026-03-10,10A0A03YF97G,0.0,53210.0,31.0,0.0,0.0,0.0
2026-03-11,10A0A03YF97G,0.0,53226.0,31.0,0.0,0.0,0.0
2026-03-12,10A0A03YF97G,0.0,53241.0,31.0,0.0,0.0,0.0
2026-03-13,10A0A03YF97G,0.0,53272.0,31.0,0.0,0.0,0.0
2026-03-14,10A0A03YF97G,0.0,53304.0,31.0,0.0,0.0,0.0
2026-03-15,10A0A03YF97G,0.0,53319.0,31.0,0.0,0.0,0.0
2026-03-16,10A0A03YF97G,0.0,53350.0,31.0,0.0,0.0,0.0
2026-03-17,10A0A03YF97G,0.0,53366.0,31.0,0.0,0.0,0.0
2026-03-18,10A0A03YF97G,0.0,53397.0,31.0,0.0,0.0,0.0
2026-03-19,10A0A03YF97G,0.0,53413.0,31.0,0.0,0.0,0.0
2026-03-20,10A0A03YF97G,0.0,53444.0,31.0,0.0,0.0,0.0
2026-03-21,10A0A03YF97G,0.0,53460.0,31.0,0.0,0.0,0.0
2026-03-22,10A0A03YF97G,0.0,53492.0,31.0,0.0,0.0,0.0
2026-03-23,10A0A03YF97G,0.0,53507.0,32.0,0.0,0.0,0.0
2026-03-24,10A0A03YF97G,0.0,53539.0,31.0,0.0,0.0,0.0
2026-03-25,10A0A03YF97G,0.0,53554.0,31.0,0.0,0.0,0.0
2026-03-26,10A0A03YF97G,0.0,53586.0,31.0,0.0,0.0,0.0
2026-03-27,10A0A03YF97G,0.0,53601.0,31.0,0.0,0.0,0.0
2026-03-28,10A0A03YF97G,0.0,53633.0,31.0,0.0,0.0,0.0
2026-03-29,10A0A03YF97G,0.0,53648.0,31.0,0.0,0.0,0.0
2026-03-30,10A0A03YF97G,0.0,53680.0,31.0,0.0,0.0,0.0
2026-03-31,10A0A03YF97G,0.0,53711.0,31.0,0.0,0.0,0.0
2026-03-02,70M0A015F97G,0.0,45072.0,32.0,0.0,0.0,0.0
2026-03-03,70M0A015F97G,0.0,45088.0,32.0,0.0,0.0,0.0
2026-03-04,70M0A015F97G,0.0,45119.0,32.0,0.0,0.0,0.0
2026-03-05,70M0A015F97G,0.0,45135.0,32.0,0.0,0.0,0.0
2026-03-06,70M0A015F97G,0.0,45166.0,33.0,0.0,0.0,0.0
2026-03-07,70M0A015F97G,0.0,45182.0,33.0,0.0,0.0,0.0
2026-03-08,70M0A015F97G,0.0,45213.0,33.0,0.0,0.0,0.0
2026-03-09,70M0A015F97G,0.0,45229.0,32.0,0.0,0.0,0.0
2026-03-10,70M0A015F97G,0.0,45260.0,32.0,0.0,0.0,0.0
2026-03-11,70M0A015F97G,0.0,45291.0,32.0,0.0,0.0,0.0
2026-03-12,70M0A015F97G,0.0,45307.0,32.0,0.0,0.0,0.0
2026-03-13,70M0A015F97G,0.0,45338.0,33.0,0.0,0.0,0.0
2026-03-14,70M0A015F97G,0.0,45354.0,32.0,0.0,0.0,0.0
2026-03-15,70M0A015F97G,0.0,45385.0,32.0,0.0,0.0,0.0
2026-03-16,70M0A015F97G,0.0,45401.0,32.0,0.0,0.0,0.0
2026-03-17,70M0A015F97G,0.0,45432.0,32.0,0.0,0.0,0.0
2026-03-18,70M0A015F97G,0.0,45464.0,32.0,0.0,0.0,0.0
2026-03-19,70M0A015F97G,0.0,45479.0,32.0,0.0,0.0,0.0
2026-03-20,70M0A015F97G,0.0,45511.0,33.0,0.0,0.0,0.0
2026-03-21,70M0A015F97G,0.0,45526.0,32.0,0.0,0.0,0.0
2026-03-22,70M0A015F97G,0.0,45558.0,33.0,0.0,0.0,0.0
2026-03-23,70M0A015F97G,0.0,45573.0,32.0,0.0,0.0,0.0
2026-03-24,70M0A015F97G,0.0,45605.0,32.0,0.0,0.0,0.0
2026-03-25,70M0A015F97G,0.0,45620.0,32.0,0.0,0.0,0.0
2026-03-26,70M0A015F97G,0.0,45652.0,33.0,0.0,0.0,0.0
2026-03-27,70M0A015F97G,0.0,45667.0,33.0,0.0,0.0,0.0
2026-03-28,70M0A015F97G,0.0,45699.0,33.0,0.0,0.0,0.0
2026-03-29,70M0A015F97G,0.0,45714.0,32.0,0.0,0.0,0.0
2026-03-30,70M0A015F97G,0.0,45746.0,32.0,0.0,0.0,0.0
2026-03-31,70M0A015F97G,0.0,45761.0,32.0,0.0,0.0,0.0
2026-03-02,10F0A004F97G,0.0,47926.0,33.0,0.0,0.0,0.0
2026-03-03,10F0A004F97G,0.0,47958.0,32.0,0.0,0.0,0.0
2026-03-04,10F0A004F97G,0.0,47974.0,32.0,0.0,0.0,0.0
2026-03-05,10F0A004F97G,0.0,48006.0,32.0,0.0,0.0,0.0
2026-03-06,10F0A004F97G,0.0,48022.0,32.0,0.0,0.0,0.0
2026-03-07,10F0A004F97G,0.0,48053.0,31.0,0.0,0.0,0.0
2026-03-08,10F0A004F97G,0.0,48069.0,31.0,0.0,0.0,0.0
2026-03-09,10F0A004F97G,0.0,48101.0,32.0,0.0,0.0,0.0
2026-03-10,10F0A004F97G,0.0,48117.0,32.0,0.0,0.0,0.0
2026-03-11,10F0A004F97G,0.0,48149.0,32.0,0.0,0.0,0.0
2026-03-12,10F0A004F97G,0.0,48164.0,32.0,0.0,0.0,0.0
2026-03-13,10F0A004F97G,0.0,48196.0,32.0,0.0,0.0,0.0
2026-03-14,10F0A004F97G,0.0,48212.0,32.0,0.0,0.0,0.0
2026-03-15,10F0A004F97G,0.0,48244.0,33.0,0.0,0.0,0.0
2026-03-16,10F0A004F97G,0.0,48260.0,34.0,0.0,0.0,0.0
2026-03-17,10F0A004F97G,0.0,48292.0,32.0,0.0,0.0,0.0
2026-03-18,10F0A004F97G,0.0,48308.0,32.0,0.0,0.0,0.0
2026-03-19,10F0A004F97G,0.0,48339.0,32.0,0.0,0.0,0.0
2026-03-20,10F0A004F97G,0.0,48355.0,33.0,0.0,0.0,0.0
2026-03-21,10F0A004F97G,0.0,48387.0,33.0,0.0,0.0,0.0
2026-03-22,10F0A004F97G,0.0,48403.0,34.0,0.0,0.0,0.0
2026-03-23,10F0A004F97G,0.0,48435.0,34.0,0.0,0.0,0.0
2026-03-24,10F0A004F97G,0.0,48466.0,36.0,0.0,0.0,0.0
2026-03-25,10F0A004F97G,0.0,48482.0,35.0,0.0,0.0,0.0
2026-03-26,10F0A004F97G,0.0,48514.0,37.0,0.0,0.0,0.0
2026-03-27,10F0A004F97G,0.0,48530.0,36.0,0.0,0.0,0.0
2026-03-28,10F0A004F97G,0.0,48562.0,36.0,0.0,0.0,0.0
2026-03-29,10F0A004F97G,0.0,48593.0,36.0,0.0,0.0,0.0
2026-03-30,10F0A004F97G,0.0,48609.0,37.0,0.0,0.0,0.0
2026-03-31,10F0A004F97G,0.0,48641.0,37.0,0.0,0.0,0.0
2026-03-02,10X0A00EF97G,0.0,39186.0,41.0,0.0,0.0,0.0
2026-03-03,10X0A00EF97G,0.0,39202.0,41.0,0.0,0.0,0.0
2026-03-04,10X0A00EF97G,0.0,39233.0,41.0,0.0,0.0,0.0
2026-03-05,10X0A00EF97G,0.0,39249.0,41.0,0.0,0.0,0.0
2026-03-06,10X0A00EF97G,0.0,39280.0,41.0,0.0,0.0,0.0
2026-03-07,10X0A00EF97G,0.0,39295.0,41.0,0.0,0.0,0.0
2026-03-08,10X0A00EF97G,0.0,39327.0,41.0,0.0,0.0,0.0
2026-03-09,10X0A00EF97G,0.0,39342.0,41.0,0.0,0.0,0.0
2026-03-10,10X0A00EF97G,0.0,39373.0,41.0,0.0,0.0,0.0
2026-03-11,10X0A00EF97G,0.0,39389.0,40.0,0.0,0.0,0.0
2026-03-12,10X0A00EF97G,0.0,39420.0,39.0,0.0,0.0,0.0
2026-03-13,10X0A00EF97G,0.0,39436.0,39.0,0.0,0.0,0.0
2026-03-14,10X0A00EF97G,0.0,39467.0,38.0,0.0,0.0,0.0
2026-03-15,10X0A00EF97G,0.0,39482.0,39.0,0.0,0.0,0.0
2026-03-16,10X0A00EF97G,0.0,39513.0,38.0,0.0,0.0,0.0
2026-03-17,10X0A00EF97G,0.0,39529.0,38.0,0.0,0.0,0.0
2026-03-18,10X0A00EF97G,0.0,39560.0,39.0,0.0,0.0,0.0
2026-03-19,10X0A00EF97G,0.0,39591.0,40.0,0.0,0.0,0.0
2026-03-20,10X0A00EF97G,0.0,39607.0,39.0,0.0,0.0,0.0
2026-03-21,10X0A00EF97G,0.0,39638.0,39.0,0.0,0.0,0.0
2026-03-22,10X0A00EF97G,0.0,39654.0,39.0,0.0,0.0,0.0
2026-03-23,10X0A00EF97G,0.0,39685.0,39.0,0.0,0.0,0.0
2026-03-24,10X0A00EF97G,0.0,39717.0,41.0,0.0,0.0,0.0
2026-03-25,10X0A00EF97G,0.0,39732.0,40.0,0.0,0.0,0.0
2026-03-26,10X0A00EF97G,0.0,39748.0,39.0,0.0,0.0,0.0
2026-03-27,10X0A00EF97G,0.0,39779.0,38.0,0.0,0.0,0.0
2026-03-28,10X0A00EF97G,0.0,39810.0,39.0,0.0,0.0,0.0
2026-03-29,10X0A00EF97G,0.0,39826.0,39.0,0.0,0.0,0.0
2026-03-30,10X0A00EF97G,0.0,39857.0,39.0,0.0,0.0,0.0
2026-03-31,10X0A00EF97G,0.0,39873.0,39.0,0.0,0.0,0.0
2026-03-02,40P0A0BQF97G,0.0,49974.0,30.0,0.0,0.0,0.0
2026-03-03,40P0A0BQF97G,0.0,50006.0,30.0,0.0,0.0,0.0
2026-03-04,40P0A0BQF97G,0.0,50021.0,30.0,0.0,0.0,0.0
2026-03-05,40P0A0BQF97G,0.0,50053.0,30.0,0.0,0.0,0.0
2026-03-06,40P0A0BQF97G,0.0,50068.0,30.0,0.0,0.0,0.0
2026-03-07,40P0A0BQF97G,0.0,50100.0,29.0,0.0,0.0,0.0
2026-03-08,40P0A0BQF97G,0.0,50131.0,31.0,0.0,0.0,0.0
2026-03-09,40P0A0BQF97G,0.0,50147.0,29.0,0.0,0.0,0.0
2026-03-10,40P0A0BQF97G,0.0,50178.0,30.0,0.0,0.0,0.0
2026-03-11,40P0A0BQF97G,0.0,50194.0,30.0,0.0,0.0,0.0
2026-03-12,40P0A0BQF97G,0.0,50225.0,30.0,0.0,0.0,0.0
2026-03-13,40P0A0BQF97G,0.0,50241.0,30.0,0.0,0.0,0.0
2026-03-14,40P0A0BQF97G,0.0,50272.0,31.0,0.0,0.0,0.0
2026-03-15,40P0A0BQF97G,0.0,50288.0,30.0,0.0,0.0,0.0
2026-03-16,40P0A0BQF97G,0.0,50319.0,32.0,0.0,0.0,0.0
2026-03-17,40P0A0BQF97G,0.0,50335.0,30.0,0.0,0.0,0.0
2026-03-18,40P0A0BQF97G,0.0,50366.0,31.0,0.0,0.0,0.0
2026-03-19,40P0A0BQF97G,0.0,50382.0,30.0,0.0,0.0,0.0
2026-03-20,40P0A0BQF97G,0.0,50413.0,31.0,0.0,0.0,0.0
2026-03-21,40P0A0BQF97G,0.0,50429.0,31.0,0.0,0.0,0.0
2026-03-22,40P0A0BQF97G,0.0,50461.0,32.0,0.0,0.0,0.0
2026-03-23,40P0A0BQF97G,0.0,50476.0,32.0,0.0,0.0,0.0
2026-03-24,40P0A0BQF97G,0.0,50508.0,32.0,0.0,0.0,0.0
2026-03-25,40P0A0BQF97G,0.0,50539.0,34.0,0.0,0.0,0.0
2026-03-26,40P0A0BQF97G,0.0,50555.0,35.0,0.0,0.0,0.0
2026-03-27,40P0A0BQF97G,0.0,50586.0,36.0,0.0,0.0,0.0
2026-03-28,40P0A0BQF97G,0.0,50602.0,34.0,0.0,0.0,0.0
2026-03-29,40P0A0BQF97G,0.0,50633.0,37.0,0.0,0.0,0.0
2026-03-30,40P0A0BQF97G,0.0,50664.0,37.0,0.0,0.0,0.0
2026-03-31,40P0A0BQF97G,0.0,50680.0,37.0,0.0,0.0,0.0
2026-03-02,52V0A00TFVKG,0.0,30870.0,39.0,0.0,0.0,0.0
2026-03-03,52V0A00TFVKG,0.0,30885.0,40.0,0.0,0.0,0.0
2026-03-04,52V0A00TFVKG,0.0,30916.0,39.0,0.0,0.0,0.0
2026-03-05,52V0A00TFVKG,0.0,30931.0,40.0,0.0,0.0,0.0
2026-03-06,52V0A00TFVKG,0.0,30962.0,40.0,0.0,0.0,0.0
2026-03-07,52V0A00TFVKG,0.0,30978.0,40.0,0.0,0.0,0.0
2026-03-08,52V0A00TFVKG,0.0,31008.0,39.0,0.0,0.0,0.0
2026-03-09,52V0A00TFVKG,0.0,31024.0,40.0,0.0,0.0,0.0
2026-03-10,52V0A00TFVKG,0.0,31054.0,40.0,0.0,0.0,0.0
2026-03-11,52V0A00TFVKG,0.0,31070.0,38.0,0.0,0.0,0.0
2026-03-12,52V0A00TFVKG,0.0,31101.0,39.0,0.0,0.0,0.0
2026-03-13,52V0A00TFVKG,0.0,31131.0,38.0,0.0,0.0,0.0
2026-03-14,52V0A00TFVKG,0.0,31147.0,39.0,0.0,0.0,0.0
2026-03-15,52V0A00TFVKG,0.0,31178.0,39.0,0.0,0.0,0.0
2026-03-16,52V0A00TFVKG,0.0,31193.0,39.0,0.0,0.0,0.0
2026-03-17,52V0A00TFVKG,0.0,31224.0,38.0,0.0,0.0,0.0
2026-03-18,52V0A00TFVKG,0.0,31239.0,40.0,0.0,0.0,0.0
2026-03-19,52V0A00TFVKG,0.0,31270.0,39.0,0.0,0.0,0.0
2026-03-20,52V0A00TFVKG,0.0,31285.0,40.0,0.0,0.0,0.0
2026-03-21,52V0A00TFVKG,0.0,31316.0,40.0,0.0,0.0,0.0
2026-03-22,52V0A00TFVKG,0.0,31347.0,38.0,0.0,0.0,0.0
2026-03-23,52V0A00TFVKG,0.0,31363.0,39.0,0.0,0.0,0.0
2026-03-24,52V0A00TFVKG,0.0,31394.0,39.0,0.0,0.0,0.0
2026-03-25,52V0A00TFVKG,0.0,31425.0,39.0,0.0,0.0,0.0
2026-03-26,52V0A00TFVKG,0.0,31440.0,41.0,0.0,0.0,0.0
2026-03-27,52V0A00TFVKG,0.0,31471.0,42.0,0.0,0.0,0.0
2026-03-28,52V0A00TFVKG,0.0,31486.0,42.0,0.0,0.0,0.0
2026-03-29,52V0A00TFVKG,0.0,31517.0,43.0,0.0,0.0,0.0
2026-03-30,52V0A00TFVKG,0.0,31533.0,42.0,0.0,0.0,0.0
2026-03-31,52V0A00TFVKG,0.0,31563.0,42.0,0.0,0.0,0.0
2026-03-02,20H0A1ADF97G,0.0,44664.0,20.0,0.0,0.0,0.0
2026-03-03,20H0A1ADF97G,0.0,44679.0,20.0,0.0,0.0,0.0
2026-03-04,20H0A1ADF97G,0.0,44711.0,20.0,0.0,0.0,0.0
2026-03-05,20H0A1ADF97G,0.0,44726.0,20.0,0.0,0.0,0.0
2026-03-06,20H0A1ADF97G,0.0,44758.0,21.0,0.0,0.0,0.0
2026-03-07,20H0A1ADF97G,0.0,44773.0,20.0,0.0,0.0,0.0
2026-03-08,20H0A1ADF97G,0.0,44805.0,22.0,0.0,0.0,0.0
2026-03-09,20H0A1ADF97G,0.0,44820.0,21.0,0.0,0.0,0.0
2026-03-10,20H0A1ADF97G,0.0,44852.0,21.0,0.0,0.0,0.0
2026-03-11,20H0A1ADF97G,0.0,44883.0,21.0,0.0,0.0,0.0
2026-03-12,20H0A1ADF97G,0.0,44899.0,20.0,0.0,0.0,0.0
2026-03-13,20H0A1ADF97G,0.0,44930.0,19.0,0.0,0.0,0.0
2026-03-14,20H0A1ADF97G,0.0,44945.0,19.0,0.0,0.0,0.0
2026-03-15,20H0A1ADF97G,0.0,44977.0,19.0,0.0,0.0,0.0
2026-03-16,20H0A1ADF97G,0.0,44992.0,19.0,0.0,0.0,0.0
2026-03-17,20H0A1ADF97G,0.0,45024.0,19.0,0.0,0.0,0.0
2026-03-18,20H0A1ADF97G,0.0,45039.0,19.0,0.0,0.0,0.0
2026-03-19,20H0A1ADF97G,0.0,45071.0,19.0,0.0,0.0,0.0
2026-03-20,20H0A1ADF97G,0.0,45086.0,19.0,0.0,0.0,0.0
2026-03-21,20H0A1ADF97G,0.0,45118.0,19.0,0.0,0.0,0.0
2026-03-22,20H0A1ADF97G,0.0,45133.0,19.0,0.0,0.0,0.0
2026-03-23,20H0A1ADF97G,0.0,45165.0,19.0,0.0,0.0,0.0
2026-03-24,20H0A1ADF97G,0.0,45180.0,19.0,0.0,0.0,0.0
2026-03-25,20H0A1ADF97G,0.0,45212.0,20.0,0.0,0.0,0.0
2026-03-26,20H0A1ADF97G,0.0,45243.0,20.0,0.0,0.0,0.0
2026-03-27,20H0A1ADF97G,0.0,45259.0,19.0,0.0,0.0,0.0
2026-03-28,20H0A1ADF97G,0.0,45290.0,19.0,0.0,0.0,0.0
2026-03-29,20H0A1ADF97G,0.0,45306.0,19.0,0.0,0.0,0.0
2026-03-30,20H0A1ADF97G,0.0,45337.0,19.0,0.0,0.0,0.0
2026-03-31,20H0A1ADF97G,0.0,45369.0,19.0,0.0,0.0,0.0
2026-03-02,51R0A49QFVGG,0.0,39807.0,35.0,0.0,0.0,0.0
2026-03-03,51R0A49QFVGG,0.0,39839.0,36.0,0.0,0.0,0.0
2026-03-04,51R0A49QFVGG,0.0,39854.0,35.0,0.0,0.0,0.0
2026-03-05,51R0A49QFVGG,0.0,39886.0,36.0,0.0,0.0,0.0
2026-03-06,51R0A49QFVGG,0.0,39901.0,35.0,0.0,0.0,0.0
2026-03-07,51R0A49QFVGG,0.0,39933.0,36.0,0.0,0.0,0.0
2026-03-08,51R0A49QFVGG,0.0,39949.0,36.0,0.0,0.0,0.0
2026-03-09,51R0A49QFVGG,0.0,39980.0,35.0,0.0,0.0,0.0
2026-03-10,51R0A49QFVGG,0.0,39996.0,36.0,0.0,0.0,0.0
2026-03-11,51R0A49QFVGG,0.0,40027.0,36.0,0.0,0.0,0.0
2026-03-12,51R0A49QFVGG,0.0,40043.0,35.0,0.0,0.0,0.0
2026-03-13,51R0A49QFVGG,0.0,40075.0,36.0,0.0,0.0,0.0
2026-03-14,51R0A49QFVGG,0.0,40090.0,35.0,0.0,0.0,0.0
2026-03-15,51R0A49QFVGG,0.0,40122.0,36.0,0.0,0.0,0.0
2026-03-16,51R0A49QFVGG,0.0,40138.0,35.0,0.0,0.0,0.0
2026-03-17,51R0A49QFVGG,0.0,40169.0,36.0,0.0,0.0,0.0
2026-03-18,51R0A49QFVGG,0.0,40185.0,37.0,0.0,0.0,0.0
2026-03-19,51R0A49QFVGG,0.0,40216.0,35.0,0.0,0.0,0.0
2026-03-20,51R0A49QFVGG,0.0,40232.0,35.0,0.0,0.0,0.0
2026-03-21,51R0A49QFVGG,0.0,40264.0,35.0,0.0,0.0,0.0
2026-03-22,51R0A49QFVGG,0.0,40279.0,36.0,0.0,0.0,0.0
2026-03-23,51R0A49QFVGG,0.0,40311.0,35.0,0.0,0.0,0.0
2026-03-24,51R0A49QFVGG,0.0,40327.0,37.0,0.0,0.0,0.0
2026-03-25,51R0A49QFVGG,0.0,40358.0,36.0,0.0,0.0,0.0
2026-03-26,51R0A49QFVGG,0.0,40374.0,34.0,0.0,0.0,0.0
2026-03-27,51R0A49QFVGG,0.0,40406.0,35.0,0.0,0.0,0.0
2026-03-28,51R0A49QFVGG,0.0,40421.0,35.0,0.0,0.0,0.0
2026-03-29,51R0A49QFVGG,0.0,40453.0,36.0,0.0,0.0,0.0
2026-03-30,51R0A49QFVGG,0.0,40469.0,36.0,0.0,0.0,0.0
2026-03-31,51R0A49QFVGG,0.0,40501.0,35.0,0.0,0.0,0.0
2026-03-02,8190A1FMFVKG,0.0,23097.0,25.0,0.0,0.0,0.0
2026-03-03,8190A1FMFVKG,0.0,23129.0,25.0,0.0,0.0,0.0
2026-03-04,8190A1FMFVKG,0.0,23144.0,25.0,0.0,0.0,0.0
2026-03-05,8190A1FMFVKG,0.0,23175.0,25.0,0.0,0.0,0.0
2026-03-06,8190A1FMFVKG,0.0,23207.0,27.0,0.0,0.0,0.0
2026-03-07,8190A1FMFVKG,0.0,23222.0,26.0,0.0,0.0,0.0
2026-03-08,8190A1FMFVKG,0.0,23254.0,26.0,0.0,0.0,0.0
2026-03-09,8190A1FMFVKG,0.0,23269.0,25.0,0.0,0.0,0.0
2026-03-10,8190A1FMFVKG,0.0,23301.0,25.0,0.0,0.0,0.0
2026-03-11,8190A1FMFVKG,0.0,23316.0,25.0,0.0,0.0,0.0
2026-03-12,8190A1FMFVKG,0.0,23348.0,25.0,0.0,0.0,0.0
2026-03-13,8190A1FMFVKG,0.0,23363.0,25.0,0.0,0.0,0.0
2026-03-14,8190A1FMFVKG,0.0,23395.0,26.0,0.0,0.0,0.0
2026-03-15,8190A1FMFVKG,0.0,23410.0,27.0,0.0,0.0,0.0
2026-03-16,8190A1FMFVKG,0.0,23442.0,25.0,0.0,0.0,0.0
2026-03-17,8190A1FMFVKG,0.0,23457.0,26.0,0.0,0.0,0.0
2026-03-18,8190A1FMFVKG,0.0,23489.0,25.0,0.0,0.0,0.0
2026-03-19,8190A1FMFVKG,0.0,23504.0,25.0,0.0,0.0,0.0
2026-03-20,8190A1FMFVKG,0.0,23536.0,26.0,0.0,0.0,0.0
2026-03-21,8190A1FMFVKG,0.0,23552.0,26.0,0.0,0.0,0.0
2026-03-22,8190A1FMFVKG,0.0,23583.0,26.0,0.0,0.0,0.0
2026-03-23,8190A1FMFVKG,0.0,23599.0,25.0,0.0,0.0,0.0
2026-03-24,8190A1FMFVKG,0.0,23630.0,25.0,0.0,0.0,0.0
2026-03-25,8190A1FMFVKG,0.0,23662.0,25.0,0.0,0.0,0.0
2026-03-26,8190A1FMFVKG,0.0,23678.0,26.0,0.0,0.0,0.0
2026-03-27,8190A1FMFVKG,0.0,23709.0,27.0,0.0,0.0,0.0
2026-03-28,8190A1FMFVKG,0.0,23725.0,27.0,0.0,0.0,0.0
2026-03-29,8190A1FMFVKG,0.0,23757.0,25.0,0.0,0.0,0.0
2026-03-30,8190A1FMFVKG,0.0,23788.0,25.0,0.0,0.0,0.0
2026-03-31,8190A1FMFVKG,0.0,23804.0,25.0,0.0,0.0,0.0
2026-03-02,20W0A137F97G,0.0,49137.0,29.0,0.0,0.0,0.0
2026-03-03,20W0A137F97G,0.0,49153.0,29.0,0.0,0.0,0.0
2026-03-04,20W0A137F97G,0.0,49169.0,29.0,0.0,0.0,0.0
2026-03-05,20W0A137F97G,0.0,49201.0,29.0,0.0,0.0,0.0
2026-03-06,20W0A137F97G,0.0,49232.0,29.0,0.0,0.0,0.0
2026-03-07,20W0A137F97G,0.0,49248.0,28.0,0.0,0.0,0.0
2026-03-08,20W0A137F97G,0.0,49280.0,28.0,0.0,0.0,0.0
2026-03-09,20W0A137F97G,0.0,49296.0,28.0,0.0,0.0,0.0
2026-03-10,20W0A137F97G,0.0,49328.0,29.0,0.0,0.0,0.0
2026-03-11,20W0A137F97G,0.0,49343.0,29.0,0.0,0.0,0.0
2026-03-12,20W0A137F97G,0.0,49375.0,29.0,0.0,0.0,0.0
2026-03-13,20W0A137F97G,0.0,49407.0,29.0,0.0,0.0,0.0
2026-03-14,20W0A137F97G,0.0,49423.0,29.0,0.0,0.0,0.0
2026-03-15,20W0A137F97G,0.0,49454.0,29.0,0.0,0.0,0.0
2026-03-16,20W0A137F97G,0.0,49470.0,29.0,0.0,0.0,0.0
2026-03-17,20W0A137F97G,0.0,49502.0,29.0,0.0,0.0,0.0
2026-03-18,20W0A137F97G,0.0,49518.0,29.0,0.0,0.0,0.0
2026-03-19,20W0A137F97G,0.0,49549.0,29.0,0.0,0.0,0.0
2026-03-20,20W0A137F97G,0.0,49565.0,29.0,0.0,0.0,0.0
2026-03-21,20W0A137F97G,0.0,49597.0,29.0,0.0,0.0,0.0
2026-03-22,20W0A137F97G,0.0,49613.0,29.0,0.0,0.0,0.0
2026-03-23,20W0A137F97G,0.0,49644.0,29.0,0.0,0.0,0.0
2026-03-24,20W0A137F97G,0.0,49660.0,29.0,0.0,0.0,0.0
2026-03-25,20W0A137F97G,0.0,49692.0,29.0,0.0,0.0,0.0
2026-03-26,20W0A137F97G,0.0,49708.0,29.0,0.0,0.0,0.0
2026-03-27,20W0A137F97G,0.0,49740.0,29.0,0.0,0.0,0.0
2026-03-28,20W0A137F97G,0.0,49755.0,29.0,0.0,0.0,0.0
2026-03-29,20W0A137F97G,0.0,49787.0,29.0,0.0,0.0,0.0
2026-03-30,20W0A137F97G,0.0,49803.0,29.0,0.0,0.0,0.0
2026-03-31,20W0A137F97G,0.0,49835.0,29.0,0.0,0.0,0.0
2026-03-02,70E0A11WF97G,0.0,47922.0,35.0,0.0,0.0,0.0
2026-03-03,70E0A11WF97G,0.0,47953.0,35.0,0.0,0.0,0.0
2026-03-04,70E0A11WF97G,0.0,47969.0,35.0,0.0,0.0,0.0
2026-03-05,70E0A11WF97G,0.0,48000.0,36.0,0.0,0.0,0.0
2026-03-06,70E0A11WF97G,0.0,48016.0,36.0,0.0,0.0,0.0
2026-03-07,70E0A11WF97G,0.0,48047.0,35.0,0.0,0.0,0.0
2026-03-08,70E0A11WF97G,0.0,48062.0,36.0,0.0,0.0,0.0
2026-03-09,70E0A11WF97G,0.0,48094.0,35.0,0.0,0.0,0.0
2026-03-10,70E0A11WF97G,0.0,48109.0,36.0,0.0,0.0,0.0
2026-03-11,70E0A11WF97G,0.0,48140.0,35.0,0.0,0.0,0.0
2026-03-12,70E0A11WF97G,0.0,48156.0,36.0,0.0,0.0,0.0
2026-03-13,70E0A11WF97G,0.0,48187.0,35.0,0.0,0.0,0.0
2026-03-14,70E0A11WF97G,0.0,48202.0,35.0,0.0,0.0,0.0
2026-03-15,70E0A11WF97G,0.0,48234.0,35.0,0.0,0.0,0.0
2026-03-16,70E0A11WF97G,0.0,48265.0,36.0,0.0,0.0,0.0
2026-03-17,70E0A11WF97G,0.0,48280.0,36.0,0.0,0.0,0.0
2026-03-18,70E0A11WF97G,0.0,48311.0,36.0,0.0,0.0,0.0
2026-03-19,70E0A11WF97G,0.0,48327.0,36.0,0.0,0.0,0.0
2026-03-20,70E0A11WF97G,0.0,48358.0,36.0,0.0,0.0,0.0
2026-03-21,70E0A11WF97G,0.0,48374.0,36.0,0.0,0.0,0.0
2026-03-22,70E0A11WF97G,0.0,48405.0,35.0,0.0,0.0,0.0
2026-03-23,70E0A11WF97G,0.0,48421.0,36.0,0.0,0.0,0.0
2026-03-24,70E0A11WF97G,0.0,48452.0,36.0,0.0,0.0,0.0
2026-03-25,70E0A11WF97G,0.0,48468.0,36.0,0.0,0.0,0.0
2026-03-26,70E0A11WF97G,0.0,48499.0,36.0,0.0,0.0,0.0
2026-03-27,70E0A11WF97G,0.0,48530.0,36.0,0.0,0.0,0.0
2026-03-28,70E0A11WF97G,0.0,48546.0,36.0,0.0,0.0,0.0
2026-03-29,70E0A11WF97G,0.0,48577.0,36.0,0.0,0.0,0.0
2026-03-30,70E0A11WF97G,0.0,48593.0,36.0,0.0,0.0,0.0
2026-03-31,70E0A11WF97G,0.0,48624.0,36.0,0.0,0.0,0.0
2026-03-02,3070A0V2F97G,0.0,46935.0,25.0,0.0,0.0,0.0
2026-03-03,3070A0V2F97G,0.0,46966.0,25.0,0.0,0.0,0.0
2026-03-04,3070A0V2F97G,0.0,46982.0,25.0,0.0,0.0,0.0
2026-03-05,3070A0V2F97G,0.0,47013.0,25.0,0.0,0.0,0.0
2026-03-06,3070A0V2F97G,0.0,47028.0,25.0,0.0,0.0,0.0
2026-03-07,3070A0V2F97G,0.0,47059.0,25.0,0.0,0.0,0.0
2026-03-08,3070A0V2F97G,0.0,47075.0,25.0,0.0,0.0,0.0
2026-03-09,3070A0V2F97G,0.0,47106.0,26.0,0.0,0.0,0.0
2026-03-10,3070A0V2F97G,0.0,47137.0,26.0,0.0,0.0,0.0
2026-03-11,3070A0V2F97G,0.0,47152.0,25.0,0.0,0.0,0.0
2026-03-12,3070A0V2F97G,0.0,47184.0,23.0,0.0,0.0,0.0
2026-03-13,3070A0V2F97G,0.0,47199.0,23.0,0.0,0.0,0.0
2026-03-14,3070A0V2F97G,0.0,47230.0,23.0,0.0,0.0,0.0
2026-03-15,3070A0V2F97G,0.0,47246.0,24.0,0.0,0.0,0.0
2026-03-16,3070A0V2F97G,0.0,47277.0,23.0,0.0,0.0,0.0
2026-03-17,3070A0V2F97G,0.0,47292.0,23.0,0.0,0.0,0.0
2026-03-18,3070A0V2F97G,0.0,47324.0,23.0,0.0,0.0,0.0
2026-03-19,3070A0V2F97G,0.0,47339.0,23.0,0.0,0.0,0.0
2026-03-20,3070A0V2F97G,0.0,47370.0,23.0,0.0,0.0,0.0
2026-03-21,3070A0V2F97G,0.0,47386.0,23.0,0.0,0.0,0.0
2026-03-22,3070A0V2F97G,0.0,47417.0,25.0,0.0,0.0,0.0
2026-03-23,3070A0V2F97G,0.0,47433.0,23.0,0.0,0.0,0.0
2026-03-24,3070A0V2F97G,0.0,47464.0,23.0,0.0,0.0,0.0
2026-03-25,3070A0V2F97G,0.0,47496.0,23.0,0.0,0.0,0.0
2026-03-26,3070A0V2F97G,0.0,47511.0,23.0,0.0,0.0,0.0
2026-03-27,3070A0V2F97G,0.0,47542.0,23.0,0.0,0.0,0.0
2026-03-28,3070A0V2F97G,0.0,47558.0,23.0,0.0,0.0,0.0
2026-03-29,3070A0V2F97G,0.0,47589.0,24.0,0.0,0.0,0.0
2026-03-30,3070A0V2F97G,0.0,47621.0,23.0,0.0,0.0,0.0
2026-03-31,3070A0V2F97G,0.0,47636.0,23.0,0.0,0.0,0.0
2026-03-02,X1K0A0C2FVKG,0.0,22300.0,34.0,0.0,0.0,0.0
2026-03-03,X1K0A0C2FVKG,0.0,22332.0,34.0,0.0,0.0,0.0
2026-03-04,X1K0A0C2FVKG,0.0,22348.0,35.0,0.0,0.0,0.0
2026-03-05,X1K0A0C2FVKG,0.0,22379.0,34.0,0.0,0.0,0.0
2026-03-06,X1K0A0C2FVKG,0.0,22411.0,35.0,0.0,0.0,0.0
2026-03-07,X1K0A0C2FVKG,0.0,22426.0,34.0,0.0,0.0,0.0
2026-03-08,X1K0A0C2FVKG,0.0,22458.0,35.0,0.0,0.0,0.0
2026-03-09,X1K0A0C2FVKG,0.0,22474.0,34.0,0.0,0.0,0.0
2026-03-10,X1K0A0C2FVKG,0.0,22505.0,35.0,0.0,0.0,0.0
2026-03-11,X1K0A0C2FVKG,0.0,22521.0,35.0,0.0,0.0,0.0
2026-03-12,X1K0A0C2FVKG,0.0,22552.0,35.0,0.0,0.0,0.0
2026-03-13,X1K0A0C2FVKG,0.0,22568.0,34.0,0.0,0.0,0.0
2026-03-14,X1K0A0C2FVKG,0.0,22600.0,35.0,0.0,0.0,0.0
2026-03-15,X1K0A0C2FVKG,0.0,22616.0,36.0,0.0,0.0,0.0
2026-03-16,X1K0A0C2FVKG,0.0,22647.0,35.0,0.0,0.0,0.0
2026-03-17,X1K0A0C2FVKG,0.0,22663.0,36.0,0.0,0.0,0.0
2026-03-18,X1K0A0C2FVKG,0.0,22695.0,34.0,0.0,0.0,0.0
2026-03-19,X1K0A0C2FVKG,0.0,22711.0,34.0,0.0,0.0,0.0
2026-03-20,X1K0A0C2FVKG,0.0,22742.0,33.0,0.0,0.0,0.0
2026-03-21,X1K0A0C2FVKG,0.0,22758.0,34.0,0.0,0.0,0.0
2026-03-22,X1K0A0C2FVKG,0.0,22790.0,34.0,0.0,0.0,0.0
2026-03-23,X1K0A0C2FVKG,0.0,22822.0,35.0,0.0,0.0,0.0
2026-03-24,X1K0A0C2FVKG,0.0,22837.0,34.0,0.0,0.0,0.0
2026-03-25,X1K0A0C2FVKG,0.0,22869.0,34.0,0.0,0.0,0.0
2026-03-26,X1K0A0C2FVKG,0.0,22885.0,35.0,0.0,0.0,0.0
2026-03-27,X1K0A0C2FVKG,0.0,22917.0,35.0,0.0,0.0,0.0
2026-03-28,X1K0A0C2FVKG,0.0,22933.0,35.0,0.0,0.0,0.0
2026-03-29,X1K0A0C2FVKG,0.0,22965.0,35.0,0.0,0.0,0.0
2026-03-30,X1K0A0C2FVKG,0.0,22980.0,35.0,0.0,0.0,0.0
2026-03-31,X1K0A0C2FVKG,0.0,23012.0,34.0,0.0,0.0,0.0
2026-03-02,3050A04XF97G,0.0,40949.0,32.0,0.0,0.0,0.0
2026-03-03,3050A04XF97G,0.0,40980.0,33.0,0.0,0.0,0.0
2026-03-04,3050A04XF97G,0.0,41011.0,32.0,0.0,0.0,0.0
2026-03-05,3050A04XF97G,0.0,41027.0,32.0,0.0,0.0,0.0
2026-03-06,3050A04XF97G,0.0,41058.0,32.0,0.0,0.0,0.0
2026-03-07,3050A04XF97G,0.0,41074.0,32.0,0.0,0.0,0.0
2026-03-08,3050A04XF97G,0.0,41105.0,32.0,0.0,0.0,0.0
2026-03-09,3050A04XF97G,0.0,41121.0,31.0,0.0,0.0,0.0
2026-03-10,3050A04XF97G,0.0,41152.0,33.0,0.0,0.0,0.0
2026-03-11,3050A04XF97G,0.0,41168.0,31.0,0.0,0.0,0.0
2026-03-12,3050A04XF97G,0.0,41199.0,32.0,0.0,0.0,0.0
2026-03-13,3050A04XF97G,0.0,41215.0,31.0,0.0,0.0,0.0
2026-03-14,3050A04XF97G,0.0,41246.0,33.0,0.0,0.0,0.0
2026-03-15,3050A04XF97G,0.0,41278.0,34.0,0.0,0.0,0.0
2026-03-16,3050A04XF97G,0.0,41294.0,34.0,0.0,0.0,0.0
2026-03-17,3050A04XF97G,0.0,41325.0,32.0,0.0,0.0,0.0
2026-03-18,3050A04XF97G,0.0,41341.0,33.0,0.0,0.0,0.0
2026-03-19,3050A04XF97G,0.0,41356.0,32.0,0.0,0.0,0.0
2026-03-20,3050A04XF97G,0.0,41388.0,34.0,0.0,0.0,0.0
2026-03-21,3050A04XF97G,0.0,41404.0,34.0,0.0,0.0,0.0
2026-03-22,3050A04XF97G,0.0,41436.0,35.0,0.0,0.0,0.0
2026-03-23,3050A04XF97G,0.0,41452.0,35.0,0.0,0.0,0.0
2026-03-24,3050A04XF97G,0.0,41483.0,35.0,0.0,0.0,0.0
2026-03-25,3050A04XF97G,0.0,41515.0,36.0,0.0,0.0,0.0
2026-03-26,3050A04XF97G,0.0,41531.0,36.0,0.0,0.0,0.0
2026-03-27,3050A04XF97G,0.0,41562.0,37.0,0.0,0.0,0.0
2026-03-28,3050A04XF97G,0.0,41578.0,36.0,0.0,0.0,0.0
2026-03-29,3050A04XF97G,0.0,41609.0,37.0,0.0,0.0,0.0
2026-03-30,3050A04XF97G,0.0,41625.0,37.0,0.0,0.0,0.0
2026-03-31,3050A04XF97G,0.0,41656.0,38.0,0.0,0.0,0.0
2026-03-02,74H0A0LWF4MJ,0.0,11366.0,26.0,0.0,0.0,0.0
2026-03-03,74H0A0LWF4MJ,0.0,11396.0,27.0,0.0,0.0,0.0
2026-03-04,74H0A0LWF4MJ,0.0,11412.0,26.0,0.0,0.0,0.0
2026-03-05,74H0A0LWF4MJ,0.0,11442.0,26.0,0.0,0.0,0.0
2026-03-06,74H0A0LWF4MJ,0.0,11457.0,26.0,0.0,0.0,0.0
2026-03-07,74H0A0LWF4MJ,0.0,11488.0,26.0,0.0,0.0,0.0
2026-03-08,74H0A0LWF4MJ,0.0,11503.0,26.0,0.0,0.0,0.0
2026-03-09,74H0A0LWF4MJ,0.0,11534.0,26.0,0.0,0.0,0.0
2026-03-10,74H0A0LWF4MJ,0.0,11565.0,26.0,0.0,0.0,0.0
2026-03-11,74H0A0LWF4MJ,0.0,11580.0,26.0,0.0,0.0,0.0
2026-03-12,74H0A0LWF4MJ,0.0,11611.0,26.0,0.0,0.0,0.0
2026-03-13,74H0A0LWF4MJ,0.0,11626.0,27.0,0.0,0.0,0.0
2026-03-14,74H0A0LWF4MJ,0.0,11657.0,26.0,0.0,0.0,0.0
2026-03-15,74H0A0LWF4MJ,0.0,11672.0,26.0,0.0,0.0,0.0
2026-03-16,74H0A0LWF4MJ,0.0,11703.0,26.0,0.0,0.0,0.0
2026-03-17,74H0A0LWF4MJ,0.0,11718.0,26.0,0.0,0.0,0.0
2026-03-18,74H0A0LWF4MJ,0.0,11749.0,26.0,0.0,0.0,0.0
2026-03-19,74H0A0LWF4MJ,0.0,11780.0,26.0,0.0,0.0,0.0
2026-03-20,74H0A0LWF4MJ,0.0,11795.0,27.0,0.0,0.0,0.0
2026-03-21,74H0A0LWF4MJ,0.0,11826.0,26.0,0.0,0.0,0.0
2026-03-22,74H0A0LWF4MJ,0.0,11842.0,26.0,0.0,0.0,0.0
2026-03-23,74H0A0LWF4MJ,0.0,11873.0,26.0,0.0,0.0,0.0
2026-03-24,74H0A0LWF4MJ,0.0,11888.0,26.0,0.0,0.0,0.0
2026-03-25,74H0A0LWF4MJ,0.0,11919.0,26.0,0.0,0.0,0.0
2026-03-26,74H0A0LWF4MJ,0.0,11950.0,26.0,0.0,0.0,0.0
2026-03-27,74H0A0LWF4MJ,0.0,11965.0,27.0,0.0,0.0,0.0
2026-03-28,74H0A0LWF4MJ,0.0,11996.0,26.0,0.0,0.0,0.0
2026-03-29,74H0A0LWF4MJ,0.0,12027.0,26.0,0.0,0.0,0.0
2026-03-30,74H0A0LWF4MJ,0.0,12042.0,26.0,0.0,0.0,0.0
2026-03-31,74H0A0LWF4MJ,0.0,12073.0,26.0,0.0,0.0,0.0
